Transaction Date,Description,Amount
11/22/2018,AUTOMATIC PAYMENT - THANK YOU,-526.61
10/25/2018,MINAR NEW YORK NY,10.34
10/25/2018,PANDA PAVILLION III IN GREENWICH CT,14.90
10/27/2018,RYE PERIODONTICS AND IMPL RYE BROOK NY,58.00
10/27/2018,MCDONALD'S F748 GREENWICH CT,5.41
10/28/2018,H MART HARTSDALE HARTSDALE NY,12.45
10/27/2018,MCDONALD'S F748 GREENWICH CT,1.06
10/29/2018,PANDA PAVILLION III IN GREENWICH CT,14.90
10/29/2018,NYCDOT PARKING METERS LONG IS CITY NY,3.25
10/30/2018,MCDONALD'S F6971 NEW YORK NY,5.43
10/28/2018,GYU-KAKU RESTAURANT WHITE PLAINS NY,59.22
11/02/2018,MTA*MNR ETIX TICKET 877-690-5116 NY,41.00
11/02/2018,MCDONALD'S F748 GREENWICH CT,6.48
11/02/2018,MCDONALD'S F748 GREENWICH CT,1.06
11/04/2018,H MART HARTSDALE HARTSDALE NY,2.97
11/03/2018,MCDONALD'S F748 GREENWICH CT,1.06
11/04/2018,SHAKE SHACK - 1210 HARTSDALE NY,26.39
11/10/2018,MCDONALD'S F748 GREENWICH CT,5.41
11/09/2018,MINAR NEW YORK NY,10.34
11/10/2018,MCDONALD'S F748 GREENWICH CT,1.06
11/13/2018,PANDA PAVILLION III IN GREENWICH CT,12.80
11/11/2018,AMERICAN STEAKHOUSE - NORWALK CT,29.76
11/15/2018,CT NATURAL GAS 860-524-8361 CT,82.04
11/17/2018,MCDONALD'S F748 GREENWICH CT,6.16
11/16/2018,MINAR NEW YORK NY,10.34
11/18/2018,H MART HARTSDALE HARTSDALE NY,6.46
11/17/2018,MCDONALD'S F3345 RIVERSIDE CT,5.41
11/17/2018,MCDONALD'S F3345 RIVERSIDE CT,1.06
11/18/2018,GYROWORLD FLUSHING NY,50.10
11/20/2018,MINAR NEW YORK NY,10.34
11/21/2018,JEUNESSE GLOBAL 321-2757200 FL,91.95
11/21/2018,POLLO A LA BRASA MISTI RE PORT CHESTER NY,10.74
09/13/2018,AUTOMATIC PAYMENT - THANK YOU,-140.72
08/27/2018,EZPASS PREPAID TOLL 800-333-8655 NY,25.00
08/27/2018,CATHAYPACAIR1607127365648 877-6092233 CA,721.91
12/03/2023,TRADER JOE S #522 DARIEN CT,78.21
12/10/2023,H MART HARTSDALE LLC HARTSDALE NY,13.46
12/10/2023,TRADER JOE S #533 HARTSDALE NY,67.65
05/13/2020,AUTOMATIC PAYMENT - THANK YOU,-184.90
04/26/2020,TMOBILE*AUTO PAY 800-937-8997 WA,184.91
03/22/2018,AUTOMATIC PAYMENT - THANK YOU,-4605.52
02/28/2018,SHOPRITE CMMERCE ST S1 STAMFORD CT,29.55
02/28/2018,EXAM CU SCIENCE HONORS PR 212-8543379 NY,30.00
03/03/2018,SQ *EL PATRON Port Chester NY,24.70
03/02/2018,METRO-NORTH-MOBILE TICKE 877-690-5114 NY,41.00
03/03/2018,AMERICAN STEAKHOUSE - NORWALK CT,44.64
03/04/2018,CENTRAL SEAFOOD HARTSDALE NY,51.75
03/02/2018,Jeunesse 321-2757171 FL,537.84
03/04/2018,H MART HARTSDALE HARTSDALE NY,70.31
03/09/2018,Yellowtail Hibachi & Sush STAMFORD CT,9.51
03/11/2018,GYU-KAKU RESTAURANT WHITE PLAINS NY,61.48
03/14/2018,CONNECTICUT NATURAL U0A 860-5248361 CT,130.01
03/15/2018,CVS/PHARMACY #06702 GREENWICH CT,1.62
03/18/2018,CENTRAL SEAFOOD HARTSDALE NY,41.85
03/17/2018,AMERICAN STEAKHOUSE - NORWALK CT,44.64
03/20/2018,MTA MVM*N045-81 ST-MUSE NEW YORK NY,3.00
03/21/2018,Yellowtail Hibachi & Sush STAMFORD CT,38.26
03/23/2018,SQ *BIBBLE & SIP New York NY,15.24
10/13/2019,AUTOMATIC PAYMENT - THANK YOU,-25.45
09/22/2019,COLLEGEBOARD*SAT ONLN. 212-7137789 NY,64.50
10/02/2019,AP Exam TotalReg 800-9742187 CO,294.00
07/22/2021,AUTOMATIC PAYMENT - THANK YOU,-281.20
06/26/2021,SHOPRITE CMMERCE ST S1 STAMFORD CT,32.53
07/04/2021,H MART - HARTSDALE HARTSDALE NY,74.29
07/04/2021,TRADER JOE'S #533  QPS HARTSDALE NY,42.29
02/27/2022,AUTOMATIC PAYMENT - THANK YOU,-946.89
02/04/2022,CVS/PHARMACY #01280 GREENWICH CT,19.81
02/05/2022,TOYOTA OF GREENWICH COS COB CT,79.77
02/13/2022,DUNKIN #302601 Q35 GREENWICH CT,.62
02/14/2022,CT NATURAL GAS 860-524-8361 CT,335.56
02/20/2022,ACME 2497 RIVERSIDE CT,1.26
02/26/2022,TMOBILE*AUTO PAY 800-937-8997 WA,160.27
02/27/2022,5GUYS 1476 QSR STAMFORD CT,7.83
03/01/2022,AMZN Mktp US*1W7ML80N1 Amzn.com/bill WA,116.96
11/27/2023,AUTOMATIC PAYMENT - THANK YOU,-2719.31
11/03/2023,McDonalds 3345 120-3637859 CT,6.00
11/05/2023,McDonalds 748 120-3302329 CT,6.11
11/05/2023,COSTCO WHSE #0324 NORWALK CT,6.42
11/05/2023,COSTCO WHSE #0324 NORWALK CT,62.93
11/05/2023,AMERICAN STEAKHOUSE - NORWALK CT,37.55
11/05/2023,TRADER JOE S #522 DARIEN CT,45.85
11/08/2023,OPENAI HTTPSOPENAI.C CA,.88
11/10/2023,McDonalds 3345 120-3637859 CT,6.22
11/11/2023,COSTCO WHSE #0326 PORT CHESTER NY,3.25
11/10/2023,COSTCO WHSE #0326 PORT CHESTER NY,3.24
11/12/2023,SQ *H MART HARTSDALE Armonk NY,32.49
11/12/2023,COSTCO WHSE #0326 PORT CHESTER NY,6.48
11/12/2023,H MART HARTSDALE LLC HARTSDALE NY,18.95
11/12/2023,McDonalds 748 120-3302329 CT,6.11
11/13/2023,CHATGPT SUBSCRIPTION HTTPSOPENAI.C CA,21.27
11/12/2023,TRADER JOE S #533 HARTSDALE NY,47.07
11/15/2023,CVS/PHARMACY #01280 GREENWICH CT,139.00
11/17/2023,TRADER JOE S #529 STAMFORD CT,11.46
11/17/2023,5GUYS 1476 ECOMM STAMFORD CT,12.44
11/19/2023,TANDOORI PORT CHESTER NY,49.85
11/19/2023,McDonalds 748 120-3302329 CT,6.11
11/20/2023,DOMINOS 4036 COS COB CT,15.01
11/22/2023,COSTCO WHSE #0326 PORT CHESTER NY,3.25
11/22/2023,COSTCO WHSE #0326 PORT CHESTER NY,27.50
11/24/2023,TRADER JOE S #533 HARTSDALE NY,66.69
11/25/2023,SHOPRITE CMMERCE ST S1 STAMFORD CT,15.51
11/24/2023,SQ *H MART HARTSDALE Armonk NY,32.49
11/24/2023,H MART HARTSDALE LLC HARTSDALE NY,14.99
11/25/2023,FUJI MART STAMFORD CT,8.68
11/26/2023,TMOBILE*AUTO PAY 800-937-8997 WA,266.50
01/13/2021,AUTOMATIC PAYMENT - THANK YOU,-602.13
12/31/2020,GEORGIA INST  TECHN 508-235-2833 CT,75.00
01/02/2021,NEW YORK UNIV 617-454-6707 CT,80.00
01/06/2021,COLLEGEBOARD*SAT ONLN. 212-7137789 NY,12.00
01/10/2021,COLLEGEBOARD*SAT ONLN. 212-7137789 NY,12.00
01/13/2022,AUTOMATIC PAYMENT - THANK YOU,-38.25
12/18/2021,UBER   TRIP HELP.UBER.COM CA,21.75
12/18/2021,UBER   TRIP HELP.UBER.COM CA,3.26
12/23/2021,2680 AMC PORT CHESTER PORT CHESTER NY,10.61
01/10/2022,MACMILLAN LEARNING 888-330-8477 NY,106.34
05/22/2018,AUTOMATIC PAYMENT - THANK YOU,-2115.18
04/25/2018,MCDONALD'S F748 GREENWICH CT,5.20
04/24/2018,FIVE GUYS-NY #1499 NEWYORK NY,4.67
04/25/2018,RED LOBSTER 0351 SCARSDALE NY,79.47
04/29/2018,METRO-NORTH-MOBILE TICKE 877-690-5114 NY,41.00
04/29/2018,AMERICAN STEAKHOUSE - NORWALK CT,44.64
05/05/2018,WHOLEFDS GRW 10057 GREENWICH CT,11.54
05/12/2018,CENTRAL SEAFOOD HARTSDALE NY,37.60
05/11/2018,CONNECTICUT NATURAL U0A 860-5248361 CT,58.50
05/13/2018,TANDORI TASTE OF INDIA WHITE PLAINS NY,74.43
05/16/2018,#1 ISTANBUL KEBAB HOUSE NEW YORK NY,19.00
05/21/2018,YEARBOOK 877-723-6344 6603763543 MO,71.52
05/20/2018,POLLO A LA BRASA MISTI RE PORT CHESTER NY,223.61
05/21/2018,PAYPAL *CALLAWYGOLF 402-935-7733 CA,39.70
05/22/2018,TST* GO! GO! CURRY - TIME NEW YORK NY,13.66
09/09/2018,BURLNGTON STORES445 STAMFORD CT,-7.43
09/21/2018,AUTOMATIC PAYMENT - THANK YOU,-1154.98
08/25/2018,H MART HARTSDALE HARTSDALE NY,9.45
08/24/2018,MCDONALD'S F7552 NEW YORK NY,1.09
08/25/2018,TRADER JOE'S #533  QPS HARTSDALE NY,12.51
08/26/2018,METRO-NORTH-MOBILE TICKE 877-690-5114 NY,41.00
08/25/2018,MCDONALD'S F748 GREENWICH CT,5.20
08/26/2018,GOLD CITY SUPERMARKET FLUSHING NY,153.08
09/01/2018,KOHL'S #0397 PORT CHESTER NY,2.42
08/31/2018,MCDONALD'S F7552 NEW YORK NY,1.09
09/01/2018,HOMEGOODS #0507 PORT CHESTER NY,3.22
09/01/2018,HOMEGOODS #0507 PORT CHESTER NY,5.37
09/01/2018,GOOD FORTUNE SUPERMARKET FLUSHING NY,47.54
09/02/2018,TRADER JOE'S #522  QPS DARIEN CT,22.27
09/01/2018,GYROWORLD FLUSHING NY,45.14
09/02/2018,AMERICAN STEAKHOUSE - NORWALK CT,44.64
09/02/2018,MAIN STREET GAS PORT CHESTER NY,26.45
09/02/2018,MCDONALD'S F3345 RIVERSIDE CT,4.88
09/03/2018,H MART HARTSDALE HARTSDALE NY,33.41
09/01/2018,61492 - FLUSHING COMMONS FLUSHING NY,3.00
09/06/2018,MCDONALD'S F6971 NEW YORK NY,1.09
09/06/2018,MCDONALD'S F6971 NEW YORK NY,1.09
09/08/2018,MCDONALD'S F748 GREENWICH CT,1.06
09/08/2018,MCDONALD'S F748 GREENWICH CT,2.13
09/09/2018,TRADER JOE'S #533  QPS HARTSDALE NY,29.07
09/09/2018,BURLNGTON STORES445 STAMFORD CT,15.92
09/09/2018,RED LOBSTER 0351 SCARSDALE NY,103.61
09/10/2018,MCDONALD'S F6971 NEW YORK NY,1.09
09/12/2018,CHILDRENS MEDICAL GROUP GREENWICH CT,10.00
09/12/2018,SHOPRITE CMMERCE ST S1 STAMFORD CT,20.47
09/12/2018,MCDONALD'S F748 GREENWICH CT,2.13
09/12/2018,MCDONALD'S F748 GREENWICH CT,1.06
09/12/2018,Yellowtail Hibachi & Sush STAMFORD CT,29.51
09/13/2018,MCDONALD'S F6971 NEW YORK NY,1.09
09/15/2018,HOMEGOODS #0507 PORT CHESTER NY,24.67
09/15/2018,KFC K485004 PORT CHESTER NY,16.10
09/15/2018,#1 ISTANBUL KEBAB HOUSE NEW YORK NY,19.33
09/14/2018,CONNECTICUT NATURAL U0A 860-5248361 CT,36.27
09/15/2018,RYE PERIODONTICS AND IMPL RYE BROOK NY,292.00
09/16/2018,H MART HARTSDALE HARTSDALE NY,18.72
09/15/2018,4036 Dominos Pizza 203-661-2202 CT,12.74
09/16/2018,BR FACTORY US 6252 CENTRAL VALLE NY,20.81
09/15/2018,APPLE FARM PORT CHESTER NY,11.52
09/15/2018,MCDONALD'S F748 GREENWICH CT,1.06
09/15/2018,MCDONALD'S F748 GREENWICH CT,2.13
09/16/2018,GAP OUTLET US 7774 CENTRAL VALLE NY,26.02
09/16/2018,YCC STORE 00307 CENTRAL VALLE NY,8.65
09/16/2018,OSHKOSH #0030 CENTRAL VALLE NY,8.31
09/16/2018,MCDONALD'S F748 GREENWICH CT,1.06
09/16/2018,MCDONALD'S F748 GREENWICH CT,2.13
09/16/2018,TIMBERLAND #329 CENTRAL VLY NY,72.87
09/16/2018,SOUTH PHILLY  4240 CENTRAL VALLE NY,12.10
09/16/2018,LESPORTSAC CENTRAL NY,62.51
09/21/2018,MCDONALD'S F748 GREENWICH CT,2.13
09/21/2018,SHOPRITE CMMERCE ST S1 STAMFORD CT,34.01
09/22/2018,H MART HARTSDALE HARTSDALE NY,17.22
09/21/2018,SHOPRITE CMMERCE ST S1 STAMFORD CT,24.88
09/22/2018,KOHL'S #0397 PORT CHESTER NY,8.60
09/21/2018,MCDONALD'S F748 GREENWICH CT,1.06
09/22/2018,TRADER JOE'S #533  QPS HARTSDALE NY,15.51
09/21/2018,Yellowtail Hibachi & Sush STAMFORD CT,29.51
09/22/2018,MCDONALD'S F748 GREENWICH CT,2.13
09/22/2018,MCDONALD'S F748 GREENWICH CT,1.06
09/23/2018,AMERICAN STEAKHOUSE - NORWALK CT,44.64
09/24/2018,JEUNESSE GLOBAL 321-2757200 FL,1518.88
07/27/2022,AUTOMATIC PAYMENT - THANK YOU,-3850.30
07/02/2022,MCDONALD'S F3240 PORT CHESTER NY,5.62
07/02/2022,MCDONALD'S F3240 PORT CHESTER NY,1.08
07/02/2022,CT DMV SELF SERVICE TR 860-2635700 CT,157.50
07/07/2022,MTA*MNR ETIX TICKET 877-690-5116 NY,27.50
07/10/2022,MCDONALD'S F3345 RIVERSIDE CT,5.79
07/10/2022,MCDONALD'S F3345 RIVERSIDE CT,1.07
07/17/2022,McDonald's 3240 PORT CHESTER NY,5.62
07/26/2022,TMOBILE*AUTO PAY 800-937-8997 WA,187.14
07/28/2022,AMZN Mktp US*UT7X641A3 Amzn.com/bill WA,14.43
07/28/2022,MTA*MNR ETIX TICKET 877-690-5116 NY,27.50
07/30/2022,MCDONALD'S F3240 PORT CHESTER NY,1.08
07/30/2022,MCDONALD'S F3240 PORT CHESTER NY,5.62
08/01/2022,ANNUAL MEMBERSHIP FEE,95.00
07/21/2022,ROBERT A WOODBURY MD RIVERSIDE CT,50.00
11/22/2020,AUTOMATIC PAYMENT - THANK YOU,-1427.40
10/31/2020,CARNEGIE MELLON UNI 617-454-6707 CT,75.00
11/12/2020,& CT NATURAL GAS 860-524-8361 CT,52.07
11/21/2020,H MART - HARTSDALE HARTSDALE NY,85.50
11/21/2020,TRADER JOE'S #533  QPS HARTSDALE NY,47.66
11/22/2020,APPLE.COM/US 800-676-2775 CA,1068.95
02/22/2018,AUTOMATIC PAYMENT - THANK YOU,-1514.04
01/26/2018,SQ *BIBBLE & SIP New York NY,7.62
02/03/2018,KOHL'S #0397 PORT CHESTER NY,41.12
02/02/2018,METRO-NORTH-MOBILE TICKE 877-690-5114 NY,253.00
02/04/2018,4036 Dominos Pizza 203-661-2202 CT,12.74
02/04/2018,TANDORI TASTE OF INDIA WHITE PLAINS NY,59.38
02/09/2018,SPOTHERO 844-324-7768 13125667768 IL,54.00
02/10/2018,JEUNESSE GLOBAL 321-2757200 FL,501.08
02/10/2018,JEUNESSE GLOBAL 321-2757200 FL,617.39
02/11/2018,FOOD COURT JAMAICA NY,6.73
02/11/2018,FOOD COURT JAMAICA NY,3.26
02/13/2018,CONNECTICUT NATURAL U0A 860-5248361 CT,178.25
02/14/2018,JEUNESSE GLOBAL 321-2757200 FL,617.39
02/16/2018,RED LOBSTER 0351 SCARSDALE NY,112.24
02/18/2018,AMERICAN STEAKHOUSE - NORWALK CT,44.64
02/20/2018,JEUNESSE GLOBAL 321-2757200 FL,2096.68
06/18/2021,DUNKIN #300396 Q35 COS COB CT,2.14
06/26/2021,SIX FLAGS GREAT ADVENTUR JACKSON NJ,22.37
06/26/2021,WAWA 909      00009092 CREAM RIDGE NJ,2.34
06/26/2021,WAWA 909      00009092 CREAM RIDGE NJ,1.99
07/13/2021,USA*MAGVEND LLC FARMINGDALE NY,4.20
07/13/2021,TACO BELL #035336 NEW YORK NY,3.04
06/22/2021,AUTOMATIC PAYMENT - THANK YOU,-342.41
05/29/2021,MCDONALD'S F748 GREENWICH CT,5.57
05/29/2021,MCDONALD'S F748 GREENWICH CT,1.07
06/05/2021,MCDONALD'S F748 GREENWICH CT,1.07
06/05/2021,H MART - HARTSDALE HARTSDALE NY,77.85
06/05/2021,MCDONALD'S F748 GREENWICH CT,5.57
06/05/2021,TRADER JOE'S #533  QPS HARTSDALE NY,37.32
06/08/2021,PAYPAL *YEARBOOKWPC 660-376-3543 MO,76.84
06/12/2021,MCDONALD'S F748 GREENWICH CT,1.07
06/12/2021,SHOPRITE CMMERCE ST S1 STAMFORD CT,29.73
06/12/2021,MCDONALD'S F748 GREENWICH CT,5.57
06/13/2021,SQ *EL PATRON Port Chester NY,29.90
06/19/2021,MCDONALD'S F748 GREENWICH CT,5.57
06/19/2021,MCDONALD'S F748 GREENWICH CT,1.07
06/22/2021,THE SOURCE 4820 WHITE PLAINS NY,3.00
08/29/2022,UA.COM*888-727-6687 MD BALTIMORE MD,-23.72
09/22/2022,AUTOMATIC PAYMENT - THANK YOU,-327.23
08/28/2022,ALDI 65230  RENSSELAER RENSSELAER NY,5.54
09/01/2022,CVS/PHARMACY #01280 GREENWICH CT,104.50
09/03/2022,WAL-MART #3547 NORWALK CT,6.72
09/03/2022,HOMEGOODS #244 NORWALK CT,3.19
09/02/2022,CVS/PHARMACY #01280 GREENWICH CT,117.85
09/03/2022,Amazon web services aws.amazon.co WA,105.90
09/07/2022,KEURIG GREEN MOUNTAIN 866-901-2739 VT,47.20
09/18/2022,MCDONALD'S F748 GREENWICH CT,5.79
09/18/2022,H MART - HARTSDALE HARTSDALE NY,94.29
09/18/2022,TRADER JOE'S #533  QPS HARTSDALE NY,23.73
01/27/2023,AUTOMATIC PAYMENT - THANK YOU,-556.85
01/02/2023,KOHL'S #0398 NORWALK CT,127.62
01/02/2023,THAI SPICE NORWALK CT,49.17
01/26/2023,TMOBILE*AUTO PAY 800-937-8997 WA,266.95
01/30/2023,CL *Chase Travel TRIPCHRG.COM VA,2444.46
01/29/2023,KARAVALLI REG.CUISINE OF LATHAM NY,69.40
01/31/2023,MCDONALD'S F34636 TROY NY,11.64
01/31/2023,HILTON GARDEN INN TROY TROY NY,288.10
12/24/2022,SHOPRITE CMMERCE ST S1 STAMFORD CT,26.23
12/24/2022,SHOPRITE CMMERCE ST S1 STAMFORD CT,20.90
03/13/2020,AUTOMATIC PAYMENT - THANK YOU,-206.88
02/22/2020,DMV - APPOINTMENT SCHE 860-2635700 CT,59.00
02/26/2020,TMOBILE*AUTO PAY 800-937-8997 WA,184.90
06/22/2023,AUTOMATIC PAYMENT - THANK YOU,-201.61
06/19/2023,MTA*METROCARD MACHINE NEW YORK NY,3.00
06/19/2023,MTA*METROCARD MACHINE NEW YORK NY,3.00
06/23/2023,VERIZON*RECURRING PAY 800-VERIZON FL,49.99
05/21/2021,AUTOMATIC PAYMENT - THANK YOU,-845.11
05/01/2021,MCDONALD'S F748 GREENWICH CT,5.57
05/01/2021,MCDONALD'S F748 GREENWICH CT,1.07
05/02/2021,SHOPRITE NORWALK S1 NORWALK CT,21.08
05/02/2021,AMERICAN STEAKHOUSE - NOR NORWALK CT,48.28
05/03/2021,CVS/PHARMACY #01280 GREENWICH CT,24.16
05/08/2021,MCDONALD'S F748 GREENWICH CT,5.57
05/08/2021,MCDONALD'S F748 GREENWICH CT,1.07
05/15/2021,MCDONALD'S F748 GREENWICH CT,1.07
05/15/2021,TRADER JOE'S #533  QPS HARTSDALE NY,4.32
05/15/2021,MCDONALD'S F748 GREENWICH CT,5.57
05/15/2021,TRADER JOE'S #533  QPS HARTSDALE NY,34.99
05/15/2021,H MART - HARTSDALE HARTSDALE NY,147.20
05/22/2021,MCDONALD'S F748 GREENWICH CT,5.57
05/21/2021,SHOPRITE CMMERCE ST S1 STAMFORD CT,35.82
05/22/2021,MCDONALD'S F748 GREENWICH CT,1.07
12/13/2020,AUTOMATIC PAYMENT - THANK YOU,-70.19
11/24/2020,COLLEGEBOARD*SAT ONLN. 212-7137789 NY,12.00
12/05/2020,MCGILL ENROLMENT SERVICES MONTREAL QC,92.36
12/06/2020,SUNY STONY BROOK U 617-454-6707 CT,50.00
12/11/2020,RENNSELAER POLYTECH 617-454-6707 CT,70.00
12/13/2020,COLGATE UNIV 617-454-6707 CT,60.00
12/13/2020,BOSTON UNIV 617-454-6707 CT,80.00
12/14/2020,NORTHEASTERN UNIV 617-454-6707 CT,75.00
12/15/2020,UNIV OF CONNECTICUT 617-454-6707 CT,80.00
12/16/2020,BRANDEIS UNIV 617-454-6707 CT,80.00
12/06/2020,FOREIGN TRANSACTION FEE,2.77
05/26/2023,AUTOMATIC PAYMENT - THANK YOU,-506.92
05/03/2023,IKEA NEW HAVEN REST NEW HAVEN CT,8.89
05/04/2023,KARAVALLI REG.CUISINE OF LATHAM NY,30.82
05/05/2023,AMZ*Monoprice amazon@monopr KY,1.35
05/06/2023,OPENAI OPENAI.COM CA,6.98
05/06/2023,McDonalds 748 120-3302329 CT,5.89
05/08/2023,GARRICK F WONG DMD LTD COS COB CT,435.00
05/07/2023,AMERICAN STEAKHOUSE - NORWALK CT,38.62
05/10/2023,5GUYS 1476 QSR STAMFORD CT,23.80
05/13/2023,CHATGPT SUBSCRIPTION OPENAI.COM CA,21.27
05/14/2023,McDonalds 748 120-3302329 CT,9.53
05/16/2023,MCDONALD'S F16332 WESTPORT CT,13.61
05/20/2023,MCDONALD'S F748 GREENWICH CT,6.97
05/21/2023,KARAVALLI REG.CUISINE OF LATHAM NY,43.62
05/23/2023,SQ *TERIYAKI ONE New York NY,11.42
05/26/2023,SHOPRITE CMMERCE ST S1 STAMFORD CT,12.84
05/26/2023,TMOBILE*AUTO PAY 800-937-8997 WA,266.45
05/27/2023,KARAVALLI REG.CUISINE OF LATHAM NY,43.62
10/13/2020,AUTOMATIC PAYMENT - THANK YOU,-769.05
09/19/2020,MCDONALD'S F3345 RIVERSIDE CT,5.46
09/26/2020,H MART - HARTSDALE HARTSDALE NY,72.53
09/26/2020,TRADER JOE'S #533  QPS HARTSDALE NY,51.06
09/26/2020,BBQ CHICKEN HARTSDALE NY,24.87
01/21/2022,AUTOMATIC PAYMENT - THANK YOU,-150.57
12/24/2021,SHOPRITE CMMERCE ST S1 STAMFORD CT,15.45
01/07/2022,TRADER JOE'S #533  QPS HARTSDALE NY,46.04
11/13/2019,AUTOMATIC PAYMENT - THANK YOU,-358.50
11/08/2019,EZPASS PREPAID TOLL 800-333-8655 NY,25.00
10/27/2022,AUTOMATIC PAYMENT - THANK YOU,-412.75
10/02/2022,SHOPRITE CMMERCE ST S1 STAMFORD CT,59.94
10/02/2022,CT DMV ONLINE SERVICES 000-0000000 CT,96.00
10/08/2022,TRADER JOE'S #529 QPS STAMFORD CT,53.92
10/26/2022,TMOBILE*AUTO PAY 800-937-8997 WA,1.47
06/27/2023,AUTOMATIC PAYMENT - THANK YOU,-980.68
06/02/2023,PORT CHESTER COACH PORT CHESTER NY,47.75
06/05/2023,CT NATURAL GAS 860-524-8361 CT,112.39
06/06/2023,KITCHEN PARADISE NEW YORK NY,11.70
06/11/2023,SHOPRITE CMMERCE ST S1 STAMFORD CT,20.72
06/13/2023,KITCHEN PARADISE NEW YORK NY,11.70
06/13/2023,CHATGPT SUBSCRIPTION OPENAI.COM CA,21.27
06/15/2023,SQ *JAMROCK JERK gosq.com NY,17.42
06/17/2023,OPENAI OPENAI.COM CA,2.25
06/17/2023,AUNTIE ANNE'S WOODBURY CENTRAL VALLE NY,11.54
06/17/2023,4213 TONY AND BENNYS 845-9283162 NY,14.11
06/18/2023,H MART - HARTSDALE HARTSDALE NY,47.16
06/18/2023,TRADER JOE S #533 HARTSDALE NY,13.04
06/17/2023,TST* Dinosaur Bar-B-Que - Troy NY,95.76
06/18/2023,SGD DUBU HARTSDALE NY,49.82
06/19/2023,PSPI - MAIMONIDES VALLEY STREAM NY,27.00
06/19/2023,MTA*METROCARD MACHINE NEW YORK NY,3.00
06/20/2023,KITCHEN PARADISE NEW YORK NY,11.70
06/19/2023,NF BOARDWALK 718-3332205 NY,38.68
06/19/2023,MTA*METROCARD MACHINE NEW YORK NY,3.00
06/24/2023,KUMO ULTIMATE SUSHI BAR A STAMFORD CT,104.15
06/26/2023,TOYOTA OF GREENWICH COS COB CT,284.73
06/25/2023,SGD DUBU HARTSDALE NY,63.07
06/26/2023,TMOBILE*AUTO PAY 800-937-8997 WA,266.45
06/27/2023,SQ *JAMROCK JERK gosq.com NY,17.42
06/30/2023,McDonalds 748 120-3302329 CT,5.89
07/02/2023,KARAVALLI LATHAM NY,43.62
12/13/2021,AUTOMATIC PAYMENT - THANK YOU,-43.71
12/12/2021,AMTRAK .COM 3460650544045 WASHINGTON DC,38.25
05/11/2019,WAL-MART #3547 NORWALK CT,-211.64
05/22/2019,AUTOMATIC PAYMENT - THANK YOU,-4237.79
04/29/2019,TMOBILE POSTPAID WEB 800-937-8997 WA,195.57
04/28/2019,TRADER JOE'S #533  QPS HARTSDALE NY,22.14
04/29/2019,PANDA PAVILLION III IN GREENWICH CT,12.80
04/28/2019,GYROWORLD FLUSHING NY,65.00
04/28/2019,H MART HARTSDALE HARTSDALE NY,7.94
04/29/2019,JEUNESSE LLC 321-2757200 FL,549.74
04/29/2019,CAFE 1585     18209155 NEW YORK NY,6.06
05/01/2019,MTA*MNR ETIX TICKET 877-690-5116 NY,41.00
05/01/2019,PANDA PAVILLION III IN GREENWICH CT,12.80
05/02/2019,PANDA PAVILLION III IN GREENWICH CT,12.80
05/04/2019,GYRO GYRO HARTSDALE NY,32.64
05/03/2019,CAFE 1585     18209155 NEW YORK NY,8.54
05/03/2019,PANDA PAVILLION III IN GREENWICH CT,12.80
05/02/2019,CAFE 1585     18209155 NEW YORK NY,8.96
05/04/2019,H MART HARTSDALE HARTSDALE NY,2.97
05/04/2019,MCDONALD'S F3240 PORT CHESTER NY,5.37
05/04/2019,MCDONALD'S F3240 PORT CHESTER NY,3.75
05/08/2019,PANDA PAVILLION III IN GREENWICH CT,12.80
05/11/2019,2680 AMC PORT CHESTER PORT CHESTER NY,23.38
05/11/2019,AMERICAN STEAKHOUSE - NORWALK CT,29.76
05/11/2019,2680 AMC PORT CHESTER PORT CHESTER NY,9.65
05/11/2019,2680 AMC PORT CHESTER PORT CHESTER NY,6.97
05/13/2019,CT NATURAL GAS 860-524-8361 CT,61.23
05/12/2019,SHAKE SHACK - 1210 HARTSDALE NY,21.75
05/12/2019,H MART HARTSDALE HARTSDALE NY,7.94
05/13/2019,PANDA PAVILLION III IN GREENWICH CT,12.80
05/13/2019,CAFE 1585     18209155 NEW YORK NY,8.11
05/15/2019,PANDA PAVILLION III IN GREENWICH CT,12.80
05/15/2019,MCDONALD'S F7552 NEW YORK NY,4.36
05/15/2019,MCDONALD'S F18884 NEW YORK NY,6.53
05/16/2019,PANDA PAVILLION III IN GREENWICH CT,12.80
05/16/2019,CAFE 1585     18209155 NEW YORK NY,8.62
05/18/2019,GYRO GYRO HARTSDALE NY,46.75
05/17/2019,CAFE 1585     18209155 NEW YORK NY,9.31
05/18/2019,TRADER JOE'S #533  QPS HARTSDALE NY,22.14
05/18/2019,MCDONALD'S F3240 PORT CHESTER NY,3.43
05/19/2019,4036 Dominos Pizza 203-661-2202 CT,12.74
05/18/2019,DANNY'S CYCLES RYE BROOK NY,579.81
05/18/2019,H MART HARTSDALE HARTSDALE NY,7.94
05/18/2019,MCDONALD'S F3240 PORT CHESTER NY,5.37
05/19/2019,SHAKE SHACK - 1210 HARTSDALE NY,21.75
05/20/2019,PANDA PAVILLION III IN GREENWICH CT,12.80
05/22/2019,PANDA PAVILLION III IN GREENWICH CT,12.80
05/22/2019,GOOGLE *GoogleBestBuy g.co/helppay# CA,191.41
05/23/2019,4036 Dominos Pizza 203-661-2202 CT,12.74
02/27/2022,H MART - HARTSDALE HARTSDALE NY,110.87
02/27/2022,TRADER JOE'S #533  QPS HARTSDALE NY,52.21
03/11/2022,TRADER JOE'S #529 QPS STAMFORD CT,50.15
10/21/2022,AUTOMATIC PAYMENT - THANK YOU,-514.71
09/25/2022,APPLE FARM PORT CHESTER NY,11.61
10/02/2022,SHOPRITE CMMERCE ST S1 STAMFORD CT,45.91
10/02/2022,Amazon web services aws.amazon.co WA,9.45
09/13/2020,AUTOMATIC PAYMENT - THANK YOU,-25.00
08/16/2020,H MART - HARTSDALE HARTSDALE NY,98.42
08/17/2020,AMZN Mktp US*MM89F0OH0 Amzn.com/bill WA,196.68
08/18/2020,WPY*Robert Taylor Photogr 855-469-3729 CT,25.00
08/19/2020,AMZN Mktp US*MM3MV2BS1 Amzn.com/bill WA,90.39
08/22/2020,MCDONALD'S F748 GREENWICH CT,5.57
08/24/2020,NCOURT *NYPortChesterVill 844-4008880 NY,243.00
08/24/2020,NCOURT * SERVICE FEE 844-4008880 NY,17.99
09/07/2020,COLLEGEBOARD*SAT ONLN. 212-7137789 NY,92.00
11/11/2023,SQ *EL PATRON PORT CHESTER NY,36.34
08/22/2022,AUTOMATIC PAYMENT - THANK YOU,-560.76
07/27/2022,SHOPRITE CMMERCE ST S1 STAMFORD CT,107.15
07/28/2022,CVS/PHARMACY #03752 NEW YORK NY,21.79
07/28/2022,KITCHEN PARADISE NEW YORK NY,10.65
08/05/2022,TRADER JOE'S #529 QPS STAMFORD CT,71.56
08/12/2022,CVS/PHARMACY #01280 GREENWICH CT,18.58
08/14/2022,DUNKIN #302601 Q35 GREENWICH CT,3.43
08/16/2022,UA.COM*888-727-6687 MD NONE@NONE.COM MD,23.72
08/19/2022,TRADER JOE'S #529 QPS STAMFORD CT,81.08
08/20/2022,HOMEGOODS #0507 PORT CHESTER NY,12.99
10/27/2019,H MART HARTSDALE HARTSDALE NY,-1.50
11/22/2019,AUTOMATIC PAYMENT - THANK YOU,-2918.92
10/26/2019,COSTCO WHSE #0324 NORWALK CT,.63
10/26/2019,SHOPRITE NORWALK S1 NORWALK CT,47.25
10/26/2019,KOHL'S #0397 PORT CHESTER NY,6.73
10/25/2019,MCDONALD'S F14106 NEW YORK NY,5.00
10/26/2019,AMERICAN STEAKHOUSE - NORWALK CT,45.05
10/26/2019,MCDONALD'S F748 GREENWICH CT,5.57
10/27/2019,H MART HARTSDALE HARTSDALE NY,77.18
10/27/2019,CENTRAL SEAFOOD HARTSDALE NY,42.80
10/27/2019,TRADER JOE'S #533  QPS HARTSDALE NY,11.76
10/26/2019,MCDONALD'S F748 GREENWICH CT,2.89
11/02/2019,MTA*MNR ETIX TICKET 877-690-5116 NY,36.00
11/03/2019,TRADER JOE'S #533  QPS HARTSDALE NY,16.83
11/03/2019,Frontier Market Hartsdale NY,15.96
11/03/2019,GYRO GYRO HARTSDALE NY,23.25
11/03/2019,H MART - HARTSDALE HARTSDALE NY,47.38
11/02/2019,AMERICAN STEAKHOUSE - NORWALK CT,45.05
11/01/2019,Jeunesse 321-2757171 FL,572.62
11/03/2019,STARBUCKS STORE 00806 GREENWICH CT,3.49
11/03/2019,SGD DUBU HARTSDALE NY,34.37
11/07/2019,NYCDOT PARKING METERS LONG IS CITY NY,5.00
11/07/2019,MCDONALD'S F748 GREENWICH CT,2.89
11/07/2019,GOLD CITY SUPERMARKET FLUSHING NY,167.93
11/09/2019,MCDONALD'S F748 GREENWICH CT,2.89
11/07/2019,MCDONALD'S F748 GREENWICH CT,5.57
11/07/2019,TC CARDIOLOGY PC FLUSHING NY,357.13
11/10/2019,TANDORI TASTE OF INDIA WHITE PLAINS NY,56.27
11/09/2019,MCDONALD'S F748 GREENWICH CT,5.57
11/12/2019,OPTUMRX 800-562-6223 CA,9.87
11/13/2019,MCDONALD'S F748 GREENWICH CT,3.75
11/13/2019,CT NATURAL GAS 860-524-8361 CT,51.72
11/13/2019,MCDONALD'S F748 GREENWICH CT,5.57
11/16/2019,MCDONALD'S F748 GREENWICH CT,3.75
11/16/2019,HOMEGOODS #0507 PORT CHESTER NY,9.75
11/16/2019,MCDONALD'S F748 GREENWICH CT,5.57
11/17/2019,TRADER JOE'S #533  QPS HARTSDALE NY,15.74
11/17/2019,H MART - HARTSDALE HARTSDALE NY,77.93
11/18/2019,USPS PO 3596550055 NEW YORK NY,33.60
11/20/2019,MCDONALD'S F748 GREENWICH CT,5.57
11/20/2019,KUMO ULTIMATE SUSHI BAR STAMFORD CT,27.75
11/20/2019,MCDONALD'S F748 GREENWICH CT,1.07
11/24/2019,MCDONALD'S F748 GREENWICH CT,5.57
11/24/2019,H MART - HARTSDALE HARTSDALE NY,59.90
10/27/2023,AUTOMATIC PAYMENT - THANK YOU,-876.31
10/01/2023,TRADER JOE S #533 HARTSDALE NY,45.63
10/06/2023,McDonalds 3345 120-3637859 CT,6.00
10/07/2023,COSTCO WHSE #0326 PORT CHESTER NY,3.25
10/08/2023,SQ *H MART HARTSDALE Armonk NY,32.49
10/08/2023,TRADER JOE S #533 HARTSDALE NY,47.26
10/10/2023,OPENAI HTTPSOPENAI.C CA,.99
10/12/2023,COSTCO WHSE #0326 PORT CHESTER NY,3.25
10/13/2023,CHATGPT SUBSCRIPTION HTTPSOPENAI.C CA,21.27
10/15/2023,CL *Chase Travel TRIPCHRG.COM VA,904.29
10/15/2023,COSTCO WHSE #0324 NORWALK CT,6.42
10/15/2023,McDonalds 748 120-3302329 CT,6.11
10/16/2023,CT NATURAL GAS 860-524-8361 CT,202.73
10/15/2023,AMERICAN STEAKHOUSE - NORWALK CT,38.62
10/15/2023,TRADER JOE S #522 DARIEN CT,87.68
10/16/2023,DOMINOS 4036 COS COB CT,15.01
10/20/2023,DOMINOS 4036 COS COB CT,15.01
10/20/2023,McDonalds 3345 120-3637859 CT,6.00
10/22/2023,McDonalds 748 120-3302329 CT,6.11
10/22/2023,H MART HARTSDALE LLC HARTSDALE NY,8.97
10/22/2023,SQ *H MART HARTSDALE Armonk NY,32.49
10/22/2023,TRADER JOE S #533 HARTSDALE NY,35.58
10/23/2023,CVS/PHARMACY #01280 GREENWICH CT,75.72
10/25/2023,RYE ORAL SURGERY RYE NY,681.90
10/25/2023,COSTCO WHSE #0326 PORT CHESTER NY,6.49
10/25/2023,CVS/PHARMACY #01280 GREENWICH CT,17.76
10/26/2023,TMOBILE*AUTO PAY 800-937-8997 WA,266.50
10/29/2023,TANDOORI PORT CHESTER NY,50.35
10/29/2023,H MART HARTSDALE LLC HARTSDALE NY,29.00
10/29/2023,TRADER JOE S #533 HARTSDALE NY,66.43
12/22/2020,AUTOMATIC PAYMENT - THANK YOU,-1329.18
11/26/2020,MACYS   .COM 800-289-6229 OH,21.26
11/27/2020,MACYS   .COM 800-289-6229 OH,62.95
11/27/2020,TMOBILE*AAL TEL 800-937-8997 WA,30.64
12/05/2020,MCDONALD'S F748 GREENWICH CT,1.07
12/05/2020,MCDONALD'S F748 GREENWICH CT,5.57
12/07/2020,USPS PO 0834120830 GREENWICH CT,.55
12/09/2020,TRADER JOE'S #529 QPS STAMFORD CT,44.82
12/12/2020,MCDONALD'S F748 GREENWICH CT,1.07
12/12/2020,MCDONALD'S F748 GREENWICH CT,5.57
12/14/2020,& CT NATURAL GAS 860-524-8361 CT,85.81
12/18/2020,JEUNESSE LLC 321-2757200 FL,879.50
12/18/2020,JEUNESSE LLC 321-2757200 FL,703.60
12/19/2020,JEUNESSE LLC 321-2757200 FL,879.50
12/20/2020,JEUNESSE LLC 321-2757200 FL,351.80
12/21/2020,TMOBILE*AAL TEL 800-937-8997 WA,10.64
12/27/2021,AUTOMATIC PAYMENT - THANK YOU,-559.63
12/10/2021,DMV WEB PAYMENT DRIVER 860-2635022 CT,20.00
12/18/2021,SQ *EL PATRON Port Chester NY,35.65
12/19/2021,AMZN Mktp US*U28WD05V3 Amzn.com/bill WA,47.85
12/26/2021,TMOBILE*AUTO PAY 800-937-8997 WA,160.42
12/28/2021,MCDONALD'S F748 GREENWICH CT,5.57
12/28/2021,McDonalds 748 120-3302329 CT,1.07
12/29/2021,AMERICAN STEAKHOUSE - NORWALK CT,34.33
04/27/2023,AUTOMATIC PAYMENT - THANK YOU,-4434.61
04/07/2023,OPENAI OPENAI.COM CA,3.03
04/10/2023,CT NATURAL GAS 860-524-8361 CT,92.67
04/13/2023,CHATGPT SUBSCRIPTION OPENAI.COM CA,21.27
04/15/2023,ALDI 65182 TROY TROY NY,4.98
04/15/2023,ALDI 65182 TROY TROY NY,21.81
04/15/2023,KARAVALLI REG.CUISINE OF LATHAM NY,42.62
04/17/2023,EVA AIR     6954562730390 EL SEGUNDO CA,50.00
04/19/2023,TST* LOCAL CULTURE - 1 - NEW YORK NY,3.81
04/26/2023,TMOBILE*AUTO PAY 800-937-8997 WA,266.73
05/13/2018,AUTOMATIC PAYMENT - THANK YOU,-445.59
04/16/2018,EZPASS PREPAID TOLL 800-333-8655 NY,25.00
04/18/2018,MCDONALD'S F748 GREENWICH CT,5.20
04/18/2018,SHOPRITE CMMERCE ST S1 STAMFORD CT,24.29
04/20/2018,MCDONALD'S F7552 NEW YORK NY,1.09
04/22/2018,TRADER JOE'S #533  QPS HARTSDALE NY,16.09
04/22/2018,H MART HARTSDALE HARTSDALE NY,71.46
04/25/2018,TRADER JOE'S #533  QPS HARTSDALE NY,37.22
04/25/2018,MCDONALD'S F748 GREENWICH CT,4.25
04/28/2018,KOHL'S #0397 PORT CHESTER NY,20.66
04/28/2018,MCDONALD'S F748 GREENWICH CT,5.20
04/28/2018,MCDONALD'S F748 GREENWICH CT,3.07
04/27/2018,SQ *BIBBLE & SIP New York NY,15.24
04/27/2018,MCDONALD'S F6971 NEW YORK NY,1.09
04/29/2018,SHOPRITE NORWALK S1 NORWALK CT,44.52
04/29/2018,TRADER JOE'S #522  QPS DARIEN CT,32.50
05/05/2018,MCDONALD'S F748 GREENWICH CT,5.20
05/08/2018,MCDONALD'S F6971 NEW YORK NY,2.82
05/12/2018,MCDONALD'S F748 GREENWICH CT,7.96
05/12/2018,KOHL'S #0397 PORT CHESTER NY,13.07
05/12/2018,TRADER JOE'S #533  QPS HARTSDALE NY,31.41
05/11/2018,VERIZON*RECURRING PAY 800-VERIZON FL,73.94
05/12/2018,H MART HARTSDALE HARTSDALE NY,49.27
05/11/2018,MCDONALD'S F7552 NEW YORK NY,5.65
04/14/2019,KOHL'S #0397 PORT CHESTER NY,-12.73
04/22/2019,AUTOMATIC PAYMENT - THANK YOU,-1341.45
03/25/2019,PANDA PAVILLION III IN GREENWICH CT,12.80
03/24/2019,STARBUCKS STORE 00806 GREENWICH CT,3.46
03/26/2019,PANDA PAVILLION III IN GREENWICH CT,12.80
03/27/2019,PANDA PAVILLION III IN GREENWICH CT,12.80
03/27/2019,CAFE 1585     18209155 NEW YORK NY,8.27
03/28/2019,TMOBILE POSTPAID WEB 800-937-8997 WA,194.85
03/28/2019,PANDA PAVILLION III IN GREENWICH CT,12.80
03/30/2019,TRADER JOE'S #533  QPS HARTSDALE NY,7.38
03/30/2019,RYE PERIODONTICS AND IMPL RYE BROOK NY,146.00
03/30/2019,MCDONALD'S F748 GREENWICH CT,6.16
03/30/2019,H MART HARTSDALE HARTSDALE NY,58.38
03/31/2019,COSTCO WHSE #0326 PORT CHESTER NY,12.39
03/30/2019,HSD FOOD COURT HARTSDALE NY,11.27
04/02/2019,PANDA PAVILLION III IN GREENWICH CT,12.80
04/02/2019,MTA*MNR ETIX TICKET 877-690-5116 NY,41.00
04/02/2019,CAFE 1585     18209155 NEW YORK NY,9.82
04/03/2019,CAFE 1585     18209155 NEW YORK NY,8.87
04/06/2019,GYRO GYRO HARTSDALE NY,53.19
04/06/2019,TRADER JOE'S #533  QPS HARTSDALE NY,52.56
04/06/2019,HOMEGOODS #0507 PORT CHESTER NY,16.10
04/06/2019,KOHL'S #0397 PORT CHESTER NY,86.59
04/06/2019,MCDONALD'S F748 GREENWICH CT,9.24
04/07/2019,TRADER JOE'S #522  QPS DARIEN CT,3.99
04/06/2019,H MART HARTSDALE HARTSDALE NY,7.96
04/07/2019,SHOPRITE NORWALK S1 NORWALK CT,7.24
04/07/2019,AMERICAN STEAKHOUSE - NORWALK CT,44.64
04/10/2019,CATHAYPACAIR1602373809519 LOS ANGELES CA,2725.76
04/11/2019,CT NATURAL GAS 860-524-8361 CT,115.19
04/12/2019,COSTCO WHSE #0326 PORT CHESTER NY,.63
04/12/2019,COSTCO WHSE #0326 PORT CHESTER NY,10.68
04/13/2019,TRADER JOE'S #522  QPS DARIEN CT,22.14
04/13/2019,AMERICAN STEAKHOUSE - NORWALK CT,29.76
04/14/2019,KOHL'S #0397 PORT CHESTER NY,35.13
04/14/2019,KOHL'S #0397 PORT CHESTER NY,12.73
04/15/2019,PANDA PAVILLION III IN GREENWICH CT,12.80
04/16/2019,PANDA PAVILLION III IN GREENWICH CT,12.80
04/18/2019,WALMART.COM 800-966-6546 AR,211.64
04/18/2019,IKINARI - BROADWAY NEW YORK NY,12.52
04/17/2019,CAFE 1585     18209155 NEW YORK NY,7.51
04/18/2019,SPOTHERO 844-356-8054 8443568054 IL,95.00
04/19/2019,AMERICAN STEAKHOUSE - NORWALK CT,29.76
04/20/2019,DUNKIN' MOBILE AP 800-447-0013 MA,25.00
04/20/2019,AMZN Mktp US*MZ6O12P30 Amzn.com/bill WA,6.36
04/20/2019,GYRO GYRO HARTSDALE NY,40.43
04/20/2019,MCDONALD'S F3240 PORT CHESTER NY,6.54
04/21/2019,TANDORI TASTE OF INDIA WHITE PLAINS NY,37.11
04/20/2019,H MART HARTSDALE HARTSDALE NY,5.96
04/20/2019,MCDONALD'S F3240 PORT CHESTER NY,2.14
04/21/2019,WALGREENS #7485 PORT CHESTER NY,14.99
04/21/2019,WALGREENS #7485 PORT CHESTER NY,23.99
04/22/2019,COLLEGEBOARD*SAT ONLN. 212-7137789 NY,48.00
04/22/2019,MCDONALD'S F3240 PORT CHESTER NY,2.14
04/22/2019,CAFE 1585     18209155 NEW YORK NY,9.39
04/22/2019,MCDONALD'S F3240 PORT CHESTER NY,5.47
04/23/2019,MCDONALD'S F32551 JAMAICA NY,5.86
04/23/2019,TRADER JOE'S #533  QPS HARTSDALE NY,11.96
04/23/2019,HSD FOOD COURT HARTSDALE NY,11.27
04/23/2019,MCDONALD'S F3345 RIVERSIDE CT,5.41
07/22/2022,AUTOMATIC PAYMENT - THANK YOU,-1358.39
06/29/2022,SHOPRITE CMMERCE ST S1 STAMFORD CT,30.13
07/01/2022,TRADER JOE'S #529 QPS STAMFORD CT,45.57
07/01/2022,CVS/PHARMACY #01280 GREENWICH CT,33.25
07/04/2022,SHOPRITE CMMERCE ST S1 STAMFORD CT,17.20
07/04/2022,SHOPRITE CMMERCE ST S1 STAMFORD CT,81.71
07/08/2022,TRADER JOE'S #529 QPS STAMFORD CT,23.58
07/15/2022,TRADER JOE'S #529 QPS STAMFORD CT,28.07
07/16/2022,MAIN ST GAS PORTCHESTER NY,46.00
07/17/2022,MCDONALD'S F3240 PORT CHESTER NY,1.08
07/23/2022,STEW LEONARDS-NORWALK GRO NORWALK CT,218.63
07/23/2022,TRADER JOE'S #522  QPS DARIEN CT,32.11
07/23/2022,DUNKIN #302601 Q35 GREENWICH CT,3.43
01/13/2019,AUTOMATIC PAYMENT - THANK YOU,-25.00
12/18/2018,EZPASS PREPAID TOLL 800-333-8655 NY,25.00
01/05/2019,EZPASS PREPAID TOLL 800-333-8655 NY,25.00
01/05/2019,MAIN STREET GAS PORT CHESTER NY,26.62
11/13/2018,AUTOMATIC PAYMENT - THANK YOU,-25.00
10/21/2018,COSTCO WHSE #0326 PORT CHESTER NY,28.36
10/27/2018,COSTCO WHSE #0324 NORWALK CT,774.10
10/30/2018,EZPASS PREPAID TOLL 800-333-8655 NY,25.00
11/03/2018,COSTCO WHSE #0326 PORT CHESTER NY,1.61
11/04/2018,COSTCO WHSE #0326 PORT CHESTER NY,751.61
11/06/2018,SHOPRITE CMMERCE ST S1 STAMFORD CT,9.35
11/06/2018,COSTCO WHSE #0326 PORT CHESTER NY,18.96
11/13/2018,COSTCO WHSE #0326 PORT CHESTER NY,3.63
11/13/2018,COSTCO WHSE #0326 PORT CHESTER NY,39.74
12/21/2018,AUTOMATIC PAYMENT - THANK YOU,-597.89
11/25/2018,H MART HARTSDALE HARTSDALE NY,6.46
11/24/2018,MCDONALD'S F3345 RIVERSIDE CT,6.48
11/24/2018,MCDONALD'S F3345 RIVERSIDE CT,1.06
11/24/2018,AMERICAN STEAKHOUSE - NORWALK CT,29.76
11/25/2018,SHAKE SHACK - 1210 HARTSDALE NY,13.84
11/29/2018,PAYPAL *YEARBOOKWPC 660-376-3543 MO,60.89
11/30/2018,MINAR NEW YORK NY,10.34
11/29/2018,MCDONALD'S F18884 NEW YORK NY,1.09
12/01/2018,AMERICAN STEAKHOUSE - NORWALK CT,29.76
12/02/2018,COSTCO WHSE #0326 PORT CHESTER NY,11.32
12/01/2018,MCDONALD'S F748 GREENWICH CT,6.48
12/01/2018,MCDONALD'S F748 GREENWICH CT,1.06
12/04/2018,AMZN Mktp US*M05JP58Z1 Amzn.com/bill WA,5.09
12/04/2018,MINAR NEW YORK NY,10.34
12/07/2018,MINAR NEW YORK NY,10.34
12/06/2018,MCDONALD'S F6971 NEW YORK NY,1.09
12/08/2018,COSTCO WHSE #0326 PORT CHESTER NY,11.32
12/10/2018,Spotify USA 646-8375380 NY,1.00
12/09/2018,WAL-MART #3547 NORWALK CT,7.96
12/10/2018,MINAR NEW YORK NY,10.34
12/09/2018,AMERICAN STEAKHOUSE - NORWALK CT,29.76
12/10/2018,WWW.KOHLS.COM #0873 866-887-8884 OH,110.79
12/13/2018,MINAR NEW YORK NY,10.34
12/13/2018,CT NATURAL GAS 860-524-8361 CT,172.55
12/14/2018,BELLEAYRE SKI CENTER 845-2545600 NY,209.00
12/15/2018,MCDONALD'S F748 GREENWICH CT,6.16
12/15/2018,MCDONALD'S F748 GREENWICH CT,5.41
12/15/2018,MCDONALD'S F748 GREENWICH CT,1.06
12/16/2018,H MART HARTSDALE HARTSDALE NY,19.44
12/16/2018,MCDONALD'S F748 GREENWICH CT,6.16
12/16/2018,SHAKE SHACK - 1210 HARTSDALE NY,19.02
12/17/2018,GOOD FORTUNE SUPERMARKET FLUSHING NY,21.59
12/17/2018,SHOPRITE CMMERCE ST S1 STAMFORD CT,9.58
12/17/2018,NYCDOT PARKING METERS LONG IS CITY NY,4.50
12/18/2018,RYE PERIODONTICS AND IMPL RYE BROOK NY,215.00
12/18/2018,CVS/PHARMACY #01280 GREENWICH CT,2.91
12/18/2018,JEUNESSE GLOBAL 321-2757200 FL,1103.40
12/19/2018,SHOPRITE CMMERCE ST S1 STAMFORD CT,12.40
12/20/2018,MCDONALD'S F748 GREENWICH CT,5.41
12/20/2018,MCDONALD'S F748 GREENWICH CT,1.06
12/22/2018,RYE PERIODONTICS AND IMPL RYE BROOK NY,175.00
12/22/2018,GYROWORLD FLUSHING NY,50.00
12/24/2018,COSTCO WHSE #0326 PORT CHESTER NY,11.32
06/22/2018,AUTOMATIC PAYMENT - THANK YOU,-724.54
05/26/2018,GOLD CITY SUPERMARKET FLUSHING NY,256.59
05/27/2018,CENTRAL SEAFOOD HARTSDALE NY,27.50
05/26/2018,GYROWORLD FLUSHING NY,45.14
05/30/2018,#1 ISTANBUL KEBAB HOUSE NEW YORK NY,19.00
05/30/2018,TOYOTA OF GREENWICH COS COB CT,139.83
05/30/2018,TOYOTA OF GREENWICH COS COB CT,397.84
05/29/2018,JOE'S SHANGHAI RESTAURA NEW YORK NY,167.28
06/02/2018,RYE PERIODONTICS AND IMPL RYE BROOK NY,5.40
06/01/2018,METRO-NORTH-MOBILE TICKE 877-690-5114 NY,41.00
06/02/2018,CVS/PHARMACY #01280 GREENWICH CT,4.97
06/03/2018,GYU-KAKU RESTAURANT WHITE PLAINS NY,55.61
06/09/2018,H MART HARTSDALE HARTSDALE NY,32.31
06/09/2018,RYE PERIODONTICS AND IMPL RYE BROOK NY,292.00
06/09/2018,MCDONALD'S F748 GREENWICH CT,5.41
06/09/2018,TRADER JOE'S #533  QPS HARTSDALE NY,22.25
06/10/2018,CVS/PHARMACY #01280 GREENWICH CT,3.75
06/10/2018,COSTCO WHSE #0326 PORT CHESTER NY,1.61
06/12/2018,VESTA  *AT&T 866-608-3007 OR,43.12
06/11/2018,KFC K485004 PORT CHESTER NY,16.10
06/13/2018,#1 ISTANBUL KEBAB HOUSE NEW YORK NY,18.78
06/13/2018,CONNECTICUT NATURAL U0A 860-5248361 CT,42.79
06/16/2018,MCDONALD'S F748 GREENWICH CT,4.14
06/15/2018,PAYPAL *PAYPROGLOBA 4029357733 ON,34.95
06/15/2018,MCDONALD'S F6971 212-921-8900 NY,1.09
06/16/2018,JEUNESSE GLOBAL 321-2757200 FL,1017.85
06/17/2018,JEUNESSE GLOBAL 321-2757200 FL,1016.77
06/17/2018,AMERICAN STEAKHOUSE - NORWALK CT,44.64
06/20/2018,CT DMV WEB TRANSACTION 860-2635700 CT,100.00
06/21/2018,MCDONALD'S F748 GREENWICH CT,5.41
06/22/2018,JEUNESSE GLOBAL 321-2757200 FL,1143.95
06/22/2018,JEUNESSE GLOBAL 321-2757200 FL,2253.80
04/15/2021,AMZN Mktp US*1A5C07R53 Amzn.com/bill WA,2.49
08/22/2023,E-Z*PASSNY REBILL 800-333-8655 NY,25.00
06/22/2022,AUTOMATIC PAYMENT - THANK YOU,-234.44
05/26/2022,WESTCHESTER AVE DENTAL PORT CHESTER NY,800.00
05/28/2022,TRADER JOE'S #533  QPS HARTSDALE NY,36.80
05/28/2022,H MART - HARTSDALE HARTSDALE NY,151.17
05/30/2022,USPS KIOSK 0834129550 GREENWICH CT,1.16
06/04/2022,SHOPRITE NORWALK S1 NORWALK CT,43.73
06/03/2022,CVS/PHARMACY #01280 GREENWICH CT,114.84
06/04/2022,STEW LEONARDS-NORWALK GRO NORWALK CT,62.95
06/03/2022,CVS/PHARMACY #06702 GREENWICH CT,.89
06/06/2022,CVS/PHARMACY #01280 GREENWICH CT,45.00
06/07/2022,PHR*GandelmanCardiologyAs 203-8695515 CT,50.00
06/18/2022,MCDONALD'S F3345 RIVERSIDE CT,1.07
06/17/2022,TRADER JOE'S #529 QPS STAMFORD CT,30.81
06/18/2022,MCDONALD'S F3345 RIVERSIDE CT,5.79
06/18/2022,SHOPRITE CMMERCE ST S1 STAMFORD CT,14.18
12/13/2019,AUTOMATIC PAYMENT - THANK YOU,-25.00
12/01/2019,COSTCO WHSE #0324 NORWALK CT,.63
12/07/2019,2680 AMC PORT CHESTER PORT CHESTER NY,17.43
12/05/2019,EZPASS PREPAID TOLL 800-333-8655 NY,25.00
03/22/2019,AUTOMATIC PAYMENT - THANK YOU,-1526.96
02/23/2019,GYROWORLD FLUSHING NY,43.50
02/25/2019,PAYPAL *LINLINCACA 402-935-7733 CA,44.79
02/24/2019,H MART HARTSDALE HARTSDALE NY,8.93
02/26/2019,CAFE 1585     18209155 NEW YORK NY,8.02
02/27/2019,CAFE 1585     18209155 NEW YORK NY,7.09
03/02/2019,GYRO GYRO HARTSDALE NY,45.14
03/02/2019,TRADER JOE'S #533  QPS HARTSDALE NY,14.76
03/02/2019,MTA*MNR ETIX TICKET 877-690-5116 NY,41.00
03/02/2019,MCDONALD'S F748 GREENWICH CT,5.41
03/01/2019,MCDONALD'S F18884 NEW YORK NY,6.41
03/03/2019,WAL-MART #3547 NORWALK CT,22.97
03/02/2019,MCDONALD'S F748 203-629-9068 CT,2.75
03/05/2019,PANDA PAVILLION III IN GREENWICH CT,12.80
03/03/2019,AMERICAN STEAKHOUSE - NORWALK CT,29.76
02/28/2019,TMOBILE POSTPAID WEB 800-937-8997 WA,195.79
03/07/2019,PANDA PAVILLION III IN GREENWICH CT,12.80
03/07/2019,Spotify USA 877-7781161 NY,15.14
03/06/2019,CAFE 1585     18209155 NEW YORK NY,8.96
03/09/2019,H MART HARTSDALE HARTSDALE NY,8.93
03/08/2019,CAFE 1585     18209155 NEW YORK NY,12.03
03/07/2019,CAFE 1585     18209155 NEW YORK NY,8.80
03/09/2019,HSD FOOD COURT HARTSDALE NY,11.27
03/10/2019,TANDORI TASTE OF INDIA WHITE PLAINS NY,37.11
03/11/2019,PANDA PAVILLION III IN GREENWICH CT,12.80
03/12/2019,PANDA PAVILLION III IN GREENWICH CT,12.80
03/12/2019,CAFE 1585     18209155 NEW YORK NY,8.36
03/14/2019,CT NATURAL GAS 860-524-8361 CT,190.07
03/15/2019,PANDA PAVILLION III IN GREENWICH CT,12.80
03/16/2019,TRADER JOE'S #533  QPS HARTSDALE NY,18.45
03/11/2019,DYSON US WWW.DYSON.COM IL,159.51
03/14/2019,CAFE 1585     18209155 NEW YORK NY,10.41
03/16/2019,MCDONALD'S F748 GREENWICH CT,5.41
03/15/2019,CAFE 1585     18209155 NEW YORK NY,8.71
03/16/2019,GYRO GYRO HARTSDALE NY,41.43
03/17/2019,2680 AMC PORT CHESTER PORT CHESTER NY,36.38
03/17/2019,2680 AMC PORT CHESTER PORT CHESTER NY,9.65
03/17/2019,GREENWICH LIBRARY GREENWICH CT,1.60
03/17/2019,STARBUCKS STORE 00806 GREENWICH CT,1.22
03/18/2019,PANDA PAVILLION III IN GREENWICH CT,12.80
03/19/2019,PANDA PAVILLION III IN GREENWICH CT,12.80
03/18/2019,CAFE 1585     18209155 NEW YORK NY,10.41
03/20/2019,MCDONALD'S F748 GREENWICH CT,5.41
03/19/2019,CAFE 1585     18209155 NEW YORK NY,9.65
03/21/2019,PANDA PAVILLION III IN GREENWICH CT,12.80
03/21/2019,CAFE 1585     18209155 NEW YORK NY,9.31
03/22/2019,PANDA PAVILLION III IN GREENWICH CT,12.80
03/22/2019,CAFE 1585     18209155 NEW YORK NY,7.94
03/23/2019,MCDONALD'S F748 GREENWICH CT,5.41
03/23/2019,TRADER JOE'S #533  QPS HARTSDALE NY,25.13
03/21/2019,STARBUCKS STORE 07215 NEW YORK NY,7.08
03/23/2019,GYROWORLD FLUSHING NY,57.47
03/23/2019,MCDONALD'S F748 GREENWICH CT,2.75
03/23/2019,H MART HARTSDALE HARTSDALE NY,28.66
06/22/2020,AUTOMATIC PAYMENT - THANK YOU,-92.12
06/11/2020,CT NATURAL GAS 860-524-8361 CT,40.87
08/13/2021,AUTOMATIC PAYMENT - THANK YOU,-36.08
07/28/2021,TST* PIEOLOGY - STAMFORD STAMFORDSTAMF CT,13.45
04/22/2020,AUTOMATIC PAYMENT - THANK YOU,-445.56
04/13/2020,CT NATURAL GAS 860-524-8361 CT,74.28
09/13/2021,AUTOMATIC PAYMENT - THANK YOU,-13.45
08/29/2021,E-Z*PASSNY REBILL 800-333-8655 NY,25.00
09/01/2021,AWL*PEARSON EDUCATION PRSONCS.COM NJ,79.75
03/21/2019,EZPASS PREPAID TOLL 800-333-8655 NY,25.00
04/03/2019,EZPASS PREPAID TOLL 800-333-8655 NY,25.00
01/22/2023,AUTOMATIC PAYMENT - THANK YOU,-47.13
12/31/2022,SHOPRITE CMMERCE ST S1 STAMFORD CT,25.25
12/31/2022,SHOPRITE CMMERCE ST S1 STAMFORD CT,42.08
01/02/2023,TRADER JOE'S #522  QPS DARIEN CT,70.91
01/02/2023,TRADER JOE'S #529 QPS STAMFORD CT,38.34
01/08/2023,ALDI 65230  RENSSELAER RENSSELAER NY,11.69
06/02/2019,THE HOME DEPOT 1212 PORT CHESTER NY,-9.09
06/15/2019,WAL-MART #3547 NORWALK CT,-13.70
06/21/2019,AUTOMATIC PAYMENT - THANK YOU,-2156.58
05/24/2019,COSTCO WHSE #0326 PORT CHESTER NY,11.32
05/25/2019,COSTCO WHSE #0326 PORT CHESTER NY,.63
05/25/2019,MCDONALD'S F748 GREENWICH CT,5.32
05/26/2019,COSTCO WHSE #0326 PORT CHESTER NY,5.89
05/25/2019,MCDONALD'S F748 GREENWICH CT,3.39
05/27/2019,TANDORI TASTE OF INDIA WHITE PLAINS NY,47.23
05/27/2019,DUNKIN' MOBILE AP 800-447-0013 MA,10.00
05/27/2019,TMOBILE POSTPAID WEB 800-937-8997 WA,195.46
05/27/2019,TRADER JOE'S #533  QPS HARTSDALE NY,24.13
05/28/2019,4036 Dominos Pizza 203-661-2202 CT,12.74
05/29/2019,PANDA PAVILLION III IN GREENWICH CT,12.80
05/31/2019,MCDONALD'S F748 GREENWICH CT,3.39
06/01/2019,COSTCO WHSE #0326 PORT CHESTER NY,11.32
05/31/2019,MINAR RESTAURANT NEW YORK NY,10.35
05/31/2019,MCDONALD'S F748 GREENWICH CT,5.32
05/30/2019,4036 Dominos Pizza 203-661-2202 CT,12.74
06/02/2019,GYRO GYRO HARTSDALE NY,9.61
06/02/2019,GYRO GYRO HARTSDALE NY,23.03
06/02/2019,MCDONALD'S F748 GREENWICH CT,6.26
06/02/2019,THE HOME DEPOT 1212 PORT CHESTER NY,9.63
06/02/2019,THE HOME DEPOT 1212 PORT CHESTER NY,9.09
06/02/2019,H MART HARTSDALE HARTSDALE NY,11.93
06/03/2019,PANDA PAVILLION III IN GREENWICH CT,12.80
06/03/2019,CAFE 1585     18209155 NEW YORK NY,9.86
06/04/2019,MTA*MNR ETIX TICKET 877-690-5116 NY,41.00
06/05/2019,4036 Dominos Pizza 203-661-2202 CT,12.74
06/07/2019,PANDA PAVILLION III IN GREENWICH CT,12.80
06/08/2019,MCDONALD'S F748 GREENWICH CT,9.44
06/08/2019,WAL-MART #3547 NORWALK CT,20.04
06/08/2019,AMERICAN STEAKHOUSE - NORWALK CT,29.76
06/08/2019,THE HOME DEPOT 6204 NORWALK CT,3.92
06/09/2019,DUNKIN' MOBILE AP 800-447-0013 MA,25.00
06/09/2019,SHOPRITE CMMERCE ST S1 STAMFORD CT,13.98
06/09/2019,COSTCO WHSE #0326 PORT CHESTER NY,21.42
06/09/2019,THE HOME DEPOT 1212 PORT CHESTER NY,10.71
06/09/2019,H MART HARTSDALE HARTSDALE NY,7.94
06/09/2019,MCDONALD'S F3240 PORT CHESTER NY,6.11
06/10/2019,CAFE 1585     18209155 NEW YORK NY,9.68
06/11/2019,PANDA PAVILLION III IN GREENWICH CT,12.80
06/11/2019,CAFE 1585     18209155 NEW YORK NY,9.68
06/13/2019,CT NATURAL GAS 860-524-8361 CT,50.87
06/13/2019,4036 Dominos Pizza 203-661-2202 CT,8.50
06/14/2019,PANDA PAVILLION III IN GREENWICH CT,12.80
06/15/2019,AMERICAN STEAKHOUSE - NORWALK CT,29.76
06/16/2019,GYRO GYRO HARTSDALE NY,32.85
06/15/2019,REI #135 NORWALK NORWALK CT,22.23
06/16/2019,3603 Dominos Pizza 914-967-5070 NY,8.58
06/19/2019,PANDA PAVILLION III IN GREENWICH CT,12.80
06/22/2019,USPS PO 0830600830 GREENWICH CT,33.60
06/22/2019,COSTCO WHSE #0324 NORWALK CT,.63
06/21/2019,OPTUMRX 800-562-6223 CA,20.00
06/22/2019,MCDONALD'S F748 GREENWICH CT,3.18
06/22/2019,AMERICAN STEAKHOUSE - NORWALK CT,29.76
06/21/2019,MISTI CAFE PORT CHESTER NY,27.63
06/23/2019,GYROWORLD FLUSHING NY,57.97
06/22/2019,DANNY'S CYCLES RYE BROOK NY,154.63
06/25/2019,AMZN Mktp US*M693I19Q0 Amzn.com/bill WA,37.40
02/12/2023,UA.COM*888-727-6687 MD BALTIMORE MD,-27.09
02/27/2023,AUTOMATIC PAYMENT - THANK YOU,-3230.25
02/02/2023,UA.COM*888-727-6687 MD underarmour.c MD,27.09
02/04/2023,GEICO  *AUTO 800-841-3000 DC,481.60
02/06/2023,USPS PO 0834120830 GREENWICH CT,75.55
02/08/2023,MTA*MNR ETIX TICKET 877-690-5116 NY,27.50
02/13/2023,CHATGPT SUBSCRIPTION OPENAI.COM CA,21.27
02/13/2023,CT NATURAL GAS 860-524-8361 CT,290.56
02/18/2023,MACYS  COLONIE CENTER ALBANY NY,101.60
02/17/2023,TOYOTA OF GREENWICH COS COB CT,75.80
02/18/2023,KARAVALLI REG.CUISINE OF LATHAM NY,42.62
02/18/2023,ANCRAM CITGO ANCRAM NY,2.26
02/23/2023,SHOPRITE CMMERCE ST S1 STAMFORD CT,9.68
02/25/2023,KOHL'S #0397 PORT CHESTER NY,41.75
02/26/2023,TMOBILE*AUTO PAY 800-937-8997 WA,268.64
02/26/2023,TRADER JOE S #533 HARTSDALE NY,27.39
02/27/2023,PHR*GandelmanCardiologyAs 203-8695515 CT,50.00
07/13/2023,AUTOMATIC PAYMENT - THANK YOU,-144.88
06/20/2023,E-Z*PASSNY REBILL 800-333-8655 NY,25.00
06/21/2023,E-Z*PASSNY REBILL 800-333-8655 NY,25.00
07/04/2023,E-Z*PASSNY REBILL 800-333-8655 NY,25.00
12/08/2018,COSTCO WHSE #0326 PORT CHESTER NY,-751.61
12/13/2018,AUTOMATIC PAYMENT - THANK YOU,-900.75
11/19/2018,EZPASS PREPAID TOLL 800-333-8655 NY,25.00
07/13/2018,AUTOMATIC PAYMENT - THANK YOU,-314.93
06/16/2018,TRADER JOE'S #533  QPS HARTSDALE NY,47.49
06/16/2018,H MART HARTSDALE HARTSDALE NY,95.60
06/24/2018,H MART HARTSDALE HARTSDALE NY,48.09
06/24/2018,TRADER JOE'S #533  QPS HARTSDALE NY,17.70
06/27/2018,TRADER JOE'S #533  QPS HARTSDALE NY,41.18
06/27/2018,H MART HARTSDALE HARTSDALE NY,20.61
07/05/2018,USCIS ELIS2PR1 I-90 800-375-5283 DC,540.00
07/11/2018,VERIZON*RECURRING PAY 800-VERIZON FL,73.95
06/24/2022,GEICO  *AUTO 800-841-3000 DC,-2.97
06/27/2022,AUTOMATIC PAYMENT - THANK YOU,-893.42
06/03/2022,UBER   TRIP HELP.UBER.COM CA,8.87
06/04/2022,MTA*MNR ETIX TICKET 877-690-5116 NY,9.75
06/04/2022,AMERICAN STEAKHOUSE - NORWALK CT,51.50
06/12/2022,DUNKIN #302601 Q35 GREENWICH CT,2.41
06/14/2022,WESTCHESTER AVE DENTAL PORT CHESTER NY,3316.00
06/14/2022,CVS/PHARMACY #01280 GREENWICH CT,25.45
06/17/2022,WESTCHESTER AVE DENTAL PORT CHESTER NY,11.00
06/24/2022,AGI*RENTERS/CONDO INS 800-370-1990 FL,165.00
06/25/2022,MCDONALD'S F3240 PORT CHESTER NY,1.08
06/24/2022,UBER   TRIP HELP.UBER.COM CA,8.73
06/25/2022,CVS/PHARMACY #01280 GREENWICH CT,39.07
06/25/2022,MTA*MNR ETIX TICKET 877-690-5116 NY,9.75
06/25/2022,MCDONALD'S F3240 PORT CHESTER NY,5.62
06/26/2022,TMOBILE*AUTO PAY 800-937-8997 WA,196.07
04/13/2020,AUTOMATIC PAYMENT - THANK YOU,-243.90
03/26/2020,TMOBILE*AUTO PAY 800-937-8997 WA,184.90
08/09/2020,SHOPRITE CMMERCE ST S1 STAMFORD CT,-7.66
08/15/2020,COSTCO WHSE #0326 PORT CHESTER NY,-108.36
08/21/2020,AUTOMATIC PAYMENT - THANK YOU,-37.70
07/23/2020,MCDONALD'S F748 GREENWICH CT,1.07
07/23/2020,MCDONALD'S F748 GREENWICH CT,5.84
07/26/2020,H MART - HARTSDALE HARTSDALE NY,75.98
07/26/2020,TRADER JOE'S #533  QPS HARTSDALE NY,39.18
08/01/2020,SHOPRITE CMMERCE ST S1 STAMFORD CT,103.28
08/01/2020,MCDONALD'S F3345 RIVERSIDE CT,5.46
08/01/2020,MCDONALD'S F3345 RIVERSIDE CT,1.07
08/03/2020,PAYPAL *GREENWICHAL 402-935-7733 CT,400.00
08/05/2020,SHOPRITE CMMERCE ST S1 STAMFORD CT,4.98
08/06/2020,COSTCO WHSE #0326 PORT CHESTER NY,108.36
08/08/2020,MCDONALD'S F748 GREENWICH CT,1.07
08/09/2020,SHOPRITE CMMERCE ST S1 STAMFORD CT,14.91
08/08/2020,MCDONALD'S F748 GREENWICH CT,5.57
08/09/2020,SHOPRITE CMMERCE ST S1 STAMFORD CT,72.40
08/12/2020,PAYPAL *HEARTLAND 402-935-7733 CA,109.78
08/13/2020,CT NATURAL GAS 860-524-8361 CT,38.01
08/15/2020,MCDONALD'S F3345 RIVERSIDE CT,5.46
08/16/2020,TRADER JOE'S #533  QPS HARTSDALE NY,52.63
08/16/2020,MCDONALD'S F748 GREENWICH CT,5.57
08/16/2020,MCDONALD'S F748 GREENWICH CT,1.07
08/22/2020,MCDONALD'S F748 GREENWICH CT,1.07
08/23/2020,AMZN Mktp US*MM5Y597Q1 Amzn.com/bill WA,74.43
04/27/2022,AUTOMATIC PAYMENT - THANK YOU,-347.58
04/16/2022,ENCHANTED SZECHUAN NORWALK CT,60.44
04/21/2022,KITCHEN PARADISE NEW YORK NY,10.35
04/26/2022,TMOBILE*AUTO PAY 800-937-8997 WA,163.04
05/13/2019,AUTOMATIC PAYMENT - THANK YOU,-50.00
04/24/2019,EZPASS PREPAID TOLL 800-333-8655 NY,25.00
08/27/2023,AUTOMATIC PAYMENT - THANK YOU,-5844.29
08/06/2023,SHOPRITE CMMERCE ST S1 STAMFORD CT,30.18
08/07/2023,GEICO  *AUTO 800-841-3000 DC,588.13
08/08/2023,OPENAI OPENAI.COM CA,.65
08/08/2023,SQ *TERIYAKI ONE New York NY,10.77
08/10/2023,SQ *JAMROCK JERK New York NY,17.42
08/10/2023,ZIP.CO* NEWEGG 164-68139492 NY,123.16
08/13/2023,CHATGPT SUBSCRIPTION OPENAI.COM CA,21.27
08/15/2023,SQ *TERIYAKI ONE New York NY,10.77
08/16/2023,CVS/PHARMACY #01280 GREENWICH CT,75.72
08/17/2023,SQ *JAMROCK JERK gosq.com NY,17.42
08/20/2023,KARAVALLI LATHAM NY,43.21
08/20/2023,McDonalds 748 120-3302329 CT,5.89
08/20/2023,MTA*MNR ETIX TICKET 877-690-5116 NY,220.00
08/24/2023,ZIP.CO* NEWEGG 164-68139492 NY,123.17
08/24/2023,SQ *TERIYAKI ONE New York NY,10.77
08/26/2023,TMOBILE*AUTO PAY 800-937-8997 WA,266.57
08/25/2023,5GUYS 1476 QSR STAMFORD CT,31.31
08/25/2023,TRADER JOE S #529 STAMFORD CT,39.14
08/27/2023,SHOPRITE CMMERCE ST S1 STAMFORD CT,46.65
08/29/2023,SQ *TERIYAKI ONE New York NY,10.77
03/22/2021,AUTOMATIC PAYMENT - THANK YOU,-485.55
02/27/2021,MCDONALD'S F748 GREENWICH CT,5.57
02/27/2021,MCDONALD'S F748 GREENWICH CT,1.07
03/06/2021,MCDONALD'S F748 GREENWICH CT,1.07
03/06/2021,H MART - HARTSDALE HARTSDALE NY,76.83
03/06/2021,MCDONALD'S F748 GREENWICH CT,5.57
03/06/2021,TRADER JOE'S #533  QPS HARTSDALE NY,22.13
03/11/2021,TOYOTA OF GREENWICH COS COB CT,79.77
03/13/2021,MCDONALD'S F748 GREENWICH CT,1.07
03/13/2021,MCDONALD'S F748 GREENWICH CT,1.28
03/13/2021,MCDONALD'S F748 GREENWICH CT,5.57
03/20/2021,MCDONALD'S F748 GREENWICH CT,1.07
03/20/2021,MCDONALD'S F748 GREENWICH CT,5.57
09/22/2020,AUTOMATIC PAYMENT - THANK YOU,-1127.19
08/27/2020,& PAYPAL *BODY SHOP 402-935-7733 NC,37.23
08/30/2020,& H MART - HARTSDALE HARTSDALE NY,111.19
08/30/2020,& TRADER JOE'S #533  QPS HARTSDALE NY,65.13
09/03/2020,& SHOPRITE CMMERCE ST S1 STAMFORD CT,116.92
09/04/2020,& MCDONALD'S F748 GREENWICH CT,1.07
09/04/2020,& H MART - HARTSDALE HARTSDALE NY,47.84
09/04/2020,& MCDONALD'S F748 GREENWICH CT,2.03
09/04/2020,& MCDONALD'S F748 GREENWICH CT,5.57
09/12/2020,& H MART - HARTSDALE HARTSDALE NY,125.22
09/12/2020,& MCDONALD'S F2304 HARTSDALE NY,1.07
09/12/2020,& MCDONALD'S F748 GREENWICH CT,1.07
09/12/2020,& MCDONALD'S F748 GREENWICH CT,5.57
09/14/2020,& CT NATURAL GAS 860-524-8361 CT,36.97
09/19/2020,MCDONALD'S F3345 RIVERSIDE CT,1.07
09/20/2020,MCDONALD'S F748 GREENWICH CT,1.06
07/03/2018,Payment Thank You - Web,-7959.55
06/25/2018,JEUNESSE GLOBAL 321-2757200 FL,525.90
06/27/2018,MCDONALD'S F748 GREENWICH CT,5.41
06/27/2018,WESTCHESTER AVE DENTAL PORT CHESTER NY,44.00
06/27/2018,RED LOBSTER 0351 SCARSDALE NY,58.44
06/30/2018,METRO-NORTH-MOBILE TICKE 877-690-5114 NY,41.00
06/29/2018,LOWES #00907* 866-483-7521 NC,9.02
06/30/2018,WALGREENS #7485 PORT CHESTER NY,5.88
06/29/2018,LOWES #00907* 866-483-7521 NC,9.02
07/02/2018,MCDONALD'S F6971 NEW YORK NY,1.09
07/04/2018,H MART HARTSDALE HARTSDALE NY,27.84
07/03/2018,Jeunesse 321-2757171 FL,1864.57
07/03/2018,YUM YUM TOO NEW YORK NY,22.99
07/04/2018,RED LOBSTER 0351 SCARSDALE NY,79.68
07/05/2018,SHOPRITE CMMERCE ST S1 STAMFORD CT,30.99
07/06/2018,MCDONALD'S F6971 NEW YORK NY,1.09
07/05/2018,Yellowtail Hibachi & Sush STAMFORD CT,29.51
07/07/2018,H MART HARTSDALE HARTSDALE NY,22.05
07/08/2018,FANTASY CUISINE CO 914-358-9046 NY,58.30
07/07/2018,TRADER JOE'S #533  QPS HARTSDALE NY,17.74
07/07/2018,MCDONALD'S F748 GREENWICH CT,3.82
07/08/2018,AMERICAN STEAKHOUSE - NORWALK CT,44.64
07/09/2018,VESTA  *AT&T 866-608-3007 OR,43.11
07/10/2018,MCDONALD'S F6971 NEW YORK NY,1.09
07/12/2018,YUM YUM TOO NEW YORK NY,23.49
07/14/2018,KOHL'S #0397 PORT CHESTER NY,31.53
07/12/2018,MCDONALD'S F18884 NEW YORK NY,1.09
07/13/2018,MCDONALD'S F3345 RIVERSIDE CT,1.06
07/13/2018,MCDONALD'S F3345 RIVERSIDE CT,1.06
07/13/2018,CONNECTICUT NATURAL U0A 860-5248361 CT,34.13
07/14/2018,MCDONALD'S F748 GREENWICH CT,1.06
07/15/2018,H MART HARTSDALE HARTSDALE NY,45.57
07/15/2018,GYU-KAKU RESTAURANT WHITE PLAINS NY,55.61
07/13/2018,Yellowtail Hibachi & Sush STAMFORD CT,44.26
07/15/2018,MCDONALD'S F748 GREENWICH CT,1.06
07/14/2018,JEUNESSE GLOBAL 321-2757200 FL,1885.91
07/15/2018,TRADER JOE'S #533  QPS HARTSDALE NY,24.91
07/18/2018,METRO-NORTH-MOBILE TICKE 877-690-5114 NY,12.25
07/17/2018,MCDONALD'S F6971 NEW YORK NY,1.09
07/18/2018,MCDONALD'S F7552 NEW YORK NY,1.09
07/20/2018,MCDONALD'S F748 GREENWICH CT,1.06
07/21/2018,MCDONALD'S F748 GREENWICH CT,1.06
07/20/2018,MCDONALD'S F748 GREENWICH CT,1.06
07/22/2018,CENTRAL SEAFOOD HARTSDALE NY,36.50
07/21/2018,MCDONALD'S F3240 PORT CHESTER NY,1.07
07/21/2018,MCDONALD'S F3240 PORT CHESTER NY,1.07
07/22/2018,TRADER JOE'S #533  QPS HARTSDALE NY,24.66
07/22/2018,H MART HARTSDALE HARTSDALE NY,48.78
07/22/2018,MCDONALD'S F748 GREENWICH CT,1.06
07/23/2018,MCDONALD'S F6971 NEW YORK NY,1.09
01/17/2021,Amazon Prime Amzn.com/bill WA,-12.99
02/12/2021,AUTOMATIC PAYMENT - THANK YOU,-166.01
01/16/2021,Collegeboard*Profile 305-8299793 NY,25.00
01/15/2021,Amazon Prime*564DX8W23 Amzn.com/bill WA,12.99
01/17/2021,RPI ENROLLMENT STRIPE.COM NY,500.00
01/19/2021,COLLEGEBOARD*SAT ONLN. 212-7137789 NY,12.00
01/21/2021,COLLEGEBOARD*SAT ONLN. 212-7137789 NY,12.00
02/03/2021,AP Exam TotalReg 800-9742187 CO,315.00
02/05/2021,AP Exam TotalReg 800-9742187 CO,105.00
07/22/2019,AUTOMATIC PAYMENT - THANK YOU,-1254.45
06/25/2019,AMZN Mktp US*MH02P0L11 Amzn.com/bill WA,48.91
06/24/2019,CAFE 1585     18209155 NEW YORK NY,11.02
06/26/2019,PANDA PAVILLION III IN GREENWICH CT,12.80
06/27/2019,H MART HARTSDALE HARTSDALE NY,58.82
06/27/2019,PANDA PAVILLION III IN GREENWICH CT,12.80
06/27/2019,SHAKE SHACK - 1210 HARTSDALE NY,26.36
06/29/2019,MCDONALD'S F748 GREENWICH CT,5.52
06/29/2019,DUNKIN' MOBILE AP 800-447-0013 MA,15.00
06/30/2019,9640 AMC ONLINE 888-440-4262 KS,20.58
06/30/2019,COSTCO WHSE #0326 PORT CHESTER NY,11.32
07/04/2019,MCDONALD'S F748 GREENWICH CT,3.98
07/04/2019,MCDONALD'S F748 GREENWICH CT,1.06
07/04/2019,MCDONALD'S F748 GREENWICH CT,5.52
07/06/2019,SHOPRITE NORWALK S1 NORWALK CT,41.99
07/06/2019,TRADER JOE'S #522  QPS DARIEN CT,36.60
07/05/2019,TMOBILE POSTPAID WEB 800-937-8997 WA,210.86
07/06/2019,RYE PERIODONTICS AND IMPL RYE BROOK NY,322.60
07/07/2019,COSTCO WHSE #0326 PORT CHESTER NY,.63
07/06/2019,AMERICAN STEAKHOUSE - NORWALK CT,44.64
07/07/2019,TANDORI TASTE OF INDIA WHITE PLAINS NY,55.66
07/08/2019,TRADER JOE'S #533  QPS HARTSDALE NY,5.98
07/08/2019,DUNKIN #345300 Q35 WHITE PLAINS NY,.35
07/09/2019,POLLO A LA BRASA MISTI RE PORT CHESTER NY,26.59
07/08/2019,H MART HARTSDALE HARTSDALE NY,64.06
07/09/2019,AMZN Mktp US*MH95478Z1 Amzn.com/bill WA,12.75
07/09/2019,HOMEGOODS #0507 PORT CHESTER NY,7.98
07/10/2019,IKEA NEW HAVEN NEW HAVEN CT,236.26
07/10/2019,IKEA NEW HAVEN NEW HAVEN CT,15.92
07/11/2019,SQ *LAVENDER BY THE BAY East Marion NY,15.21
07/10/2019,Lao Si Chuan Milford CT,79.75
07/11/2019,THE BUFFET COLLEGE POINT NY,84.90
07/11/2019,SQ *LAVENDER BY THE BAY East Marion NY,16.29
07/11/2019,COSTCO WHSE #0785 RIVERHEAD NY,4.66
07/12/2019,CT NATURAL GAS 860-524-8361 CT,36.96
07/11/2019,COLUMBIA SPORTSWEAR 439 RIVERHEAD NY,48.31
07/14/2019,TRADER JOE'S #533  QPS HARTSDALE NY,5.99
07/14/2019,H MART HARTSDALE HARTSDALE NY,20.43
07/14/2019,RED LOBSTER 0351 SCARSDALE NY,57.37
07/15/2019,GOLD CITY SUPERMARKET FLUSHING NY,47.88
07/16/2019,VIOC GE6605 PORTCHESTER NY,126.69
07/16/2019,HOTELSCOM8152730152284 HOTELS.COM WA,166.64
07/17/2019,MCDONALD'S F13889 FRANKFORT NY,10.28
07/17/2019,MCDONALD'S F13889 FRANKFORT NY,7.66
07/18/2019,MCDONALD'S F12227 MODENA NY,11.61
07/15/2019,61492 - FLUSHING COMMONS FLUSHING NY,4.00
07/20/2019,MCDONALD'S F748 GREENWICH CT,1.06
07/19/2019,TRADER JOE'S #522  QPS DARIEN CT,17.91
07/19/2019,AMERICAN STEAKHOUSE - NORWALK CT,44.64
07/21/2019,KFC K485004 PORT CHESTER NY,16.10
07/21/2019,COSTCO WHSE #0326 PORT CHESTER NY,.63
07/21/2019,DUNKIN' MOBILE AP 800-447-0013 MA,25.00
07/23/2019,H MART HARTSDALE HARTSDALE NY,73.53
09/13/2019,AUTOMATIC PAYMENT - THANK YOU,-81.28
08/20/2019,MCDONALD'S F21770 CREAM RIDGE NJ,9.48
08/20/2019,BURGER KING 4NJ54 MILLTOWN NJ,2.12
08/20/2019,SIX FLAGS GREAT ADVENTUR JACKSON NJ,13.85
09/27/2022,AUTOMATIC PAYMENT - THANK YOU,-1333.30
09/13/2022,AMZN Mktp US*1F20N19V0 Amzn.com/bill WA,43.83
09/14/2022,TMOBILE*WEB UPGRADE 800-937-8997 WA,63.50
09/14/2022,TMOBILE*WEB UPGRADE 800-937-8997 WA,63.50
09/18/2022,McDonald's 748 GREENWICH CT,1.49
09/26/2022,TMOBILE*AUTO PAY 800-937-8997 WA,176.93
09/26/2022,TMOBILE*WEB UPGRADE 800-937-8997 WA,63.50
04/13/2018,AUTOMATIC PAYMENT - THANK YOU,-324.53
03/17/2018,KOHL'S #0398 NORWALK CT,8.68
03/17/2018,SHOPRITE NORWALK S1 NORWALK CT,65.25
03/18/2018,TRADER JOE'S #533  QPS HARTSDALE NY,34.49
03/24/2018,MCDONALD'S F748 GREENWICH CT,4.25
03/24/2018,MCDONALD'S F748 GREENWICH CT,4.14
03/29/2018,MCDONALD'S F748 GREENWICH CT,5.20
03/31/2018,SHOPRITE CMMERCE ST S1 STAMFORD CT,13.21
03/31/2018,MCDONALD'S F748 GREENWICH CT,4.25
03/31/2018,MCDONALD'S F748 GREENWICH CT,4.14
04/01/2018,TRADER JOE'S #522  QPS DARIEN CT,35.78
04/07/2018,TRADER JOE'S #533  QPS HARTSDALE NY,28.39
04/06/2018,KOHL'S #0397 PORT CHESTER NY,4.76
04/11/2018,VERIZON*RECURRING PAY 800-VERIZON FL,73.94
04/11/2018,MCDONALD'S F12314 WARNERS NY,3.12
04/14/2018,KFC K485004 PORT CHESTER NY,18.34
04/13/2018,EZPASS PREPAID TOLL 800-333-8655 NY,25.00
04/14/2018,MCDONALD'S F12313 PORT BYRON NY,8.56
04/14/2018,COLE HAAN-WOODBURY CENTRAL VALLE NY,104.09
08/13/2019,AUTOMATIC PAYMENT - THANK YOU,-149.48
07/16/2019,EZPASS PREPAID TOLL 800-333-8655 NY,25.00
07/15/2019,MARRIOTT ORLANDO WC F& 866-435-7627 FL,6.28
07/20/2019,EZPASS PREPAID TOLL 800-333-8655 NY,25.00
08/11/2019,EZPASS PREPAID TOLL 800-333-8655 NY,25.00
10/22/2018,AUTOMATIC PAYMENT - THANK YOU,-3029.71
09/27/2018,SQ *GREENWICH HIGH GREENWICH CT,35.00
09/30/2018,COSTCO WHSE #0326 PORT CHESTER NY,92.81
10/02/2018,METRO-NORTH-MOBILE TICKE 877-690-5114 NY,41.00
10/05/2018,MCDONALD'S F748 GREENWICH CT,1.06
10/05/2018,MCDONALD'S F748 GREENWICH CT,5.41
10/07/2018,MCDONALD'S F748 GREENWICH CT,1.06
10/07/2018,MCDONALD'S F748 GREENWICH CT,7.54
10/08/2018,4036 Dominos Pizza 203-661-2202 CT,12.74
10/08/2018,MCDONALD'S F6971 NEW YORK NY,1.09
10/09/2018,FIVE GUYS-NY #1499 NEWYORK NY,6.85
10/10/2018,MINAR NEW YORK NY,10.34
10/11/2018,CAFE 1585     18209155 NEW YORK NY,3.84
10/12/2018,CONNECTICUT NATURAL U0A 860-5248361 CT,34.85
10/11/2018,MTA MVM*A016-49 ST NEW YORK NY,3.00
10/13/2018,RYE PERIODONTICS AND IMPL RYE BROOK NY,131.00
10/13/2018,MCDONALD'S F748 GREENWICH CT,1.06
10/11/2018,MCDONALD'S F6971 NEW YORK NY,6.41
10/13/2018,TRADER JOE'S #533  QPS HARTSDALE NY,2.99
10/12/2018,MCDONALD'S F748 GREENWICH CT,6.16
10/13/2018,H MART HARTSDALE HARTSDALE NY,4.97
10/13/2018,MCDONALD'S F748 GREENWICH CT,6.48
10/13/2018,HSD FOOD COURT HARTSDALE NY,11.27
10/17/2018,3603 Dominos Pizza 914-967-5070 NY,12.86
10/19/2018,MONOPRICE 402-935-7733 CA,12.76
10/20/2018,MCDONALD'S F748 GREENWICH CT,1.06
10/21/2018,TANDORI TASTE OF INDIA WHITE PLAINS NY,37.11
10/22/2018,PANDA PAVILLION III IN GREENWICH CT,25.55
10/23/2018,MINAR NEW YORK NY,10.34
06/13/2018,AUTOMATIC PAYMENT - THANK YOU,-496.20
05/16/2018,MCDONALD'S F748 GREENWICH CT,5.41
05/19/2018,SHOPRITE CMMERCE ST S1 STAMFORD CT,50.41
05/18/2018,SQ *BIBBLE & SIP New York NY,15.24
05/19/2018,MCDONALD'S F748 GREENWICH CT,5.41
05/20/2018,MCDONALD'S F748 GREENWICH CT,6.48
05/23/2018,MCDONALD'S F748 GREENWICH CT,5.41
05/26/2018,KOHL'S #0397 PORT CHESTER NY,17.35
05/26/2018,MCDONALD'S F748 GREENWICH CT,5.41
05/27/2018,TRADER JOE'S #533  QPS HARTSDALE NY,17.35
05/26/2018,MCDONALD'S F3240 PORT CHESTER NY,1.07
05/27/2018,H MART HARTSDALE HARTSDALE NY,13.44
05/30/2018,MCDONALD'S F748 GREENWICH CT,5.41
06/01/2018,SQ *BIBBLE & SIP New York NY,15.24
06/03/2018,TRADER JOE'S #533  QPS HARTSDALE NY,29.15
06/03/2018,H MART HARTSDALE HARTSDALE NY,48.20
06/11/2018,VERIZON*RECURRING PAY 800-VERIZON FL,73.95
04/22/2022,AUTOMATIC PAYMENT - THANK YOU,-213.23
04/09/2022,PHR*GandelmanCardiologyAs 203-8695515 CT,43.41
04/09/2022,PAYPAL *EBAY US 402-935-7733 CA,42.52
04/16/2022,SHOPRITE CMMERCE ST S1 STAMFORD CT,18.37
04/16/2022,PREMIUM PARKING P2222 NORWALK CT,1.00
04/16/2022,STEW LEONARDS-NORWALK GRO NORWALK CT,142.18
04/15/2022,TRADER JOE'S #529 QPS STAMFORD CT,28.42
12/22/2019,AUTOMATIC PAYMENT - THANK YOU,-1960.17
11/24/2019,MCDONALD'S F748 203-629-9068 CT,1.07
11/27/2019,MCDONALD'S F748 GREENWICH CT,5.57
11/27/2019,MCDONALD'S F748 GREENWICH CT,1.07
11/30/2019,TRADER JOE'S #533  QPS HARTSDALE NY,30.23
11/30/2019,FANTASY CUISINE CO 914-358-9046 NY,47.08
11/30/2019,H MART - HARTSDALE HARTSDALE NY,77.84
12/01/2019,Amazon MP3*OE3JG89I3 888-802-3080 WA,1.05
12/01/2019,SHOPRITE NORWALK S1 NORWALK CT,61.44
12/01/2019,AMERICAN STEAKHOUSE - NORWALK CT,45.05
12/03/2019,WESTCHESTER AVE DENTAL PORT CHESTER NY,213.00
12/04/2019,MCDONALD'S F748 GREENWICH CT,5.57
12/04/2019,MCDONALD'S F748 GREENWICH CT,3.75
12/07/2019,COSTCO WHSE #0326 PORT CHESTER NY,1.08
12/06/2019,ZWILLING JA HENCKELS LLC PLEASANTVILLE NY,86.68
12/08/2019,TRADER JOE'S #533  QPS HARTSDALE NY,11.36
12/08/2019,H MART - HARTSDALE HARTSDALE NY,31.49
12/06/2019,ZWILLING JA HENCKELS LLC PLEASANTVILLE NY,133.25
12/08/2019,SGD DUBU HARTSDALE NY,61.23
12/10/2019,SHOPRITE CMMERCE ST S1 STAMFORD CT,49.08
12/09/2019,Jeunesse 321-2757171 FL,449.74
12/10/2019,MCDONALD'S F3345 RIVERSIDE CT,5.46
12/10/2019,Kumo Sushi & Hibachi Stamford CT,29.75
12/11/2019,GOOGLE *Google Store g.co/helppay# CA,4.24
12/13/2019,OPTUMRX 800-562-6223 CA,20.00
12/12/2019,CT NATURAL GAS 860-524-8361 CT,128.88
12/13/2019,THAI BASIL GREENWICH CT,18.55
12/14/2019,MCDONALD'S F748 GREENWICH CT,5.57
12/14/2019,MCDONALD'S F748 GREENWICH CT,4.29
12/15/2019,AMERICAN STEAKHOUSE - NORWALK CT,45.05
12/18/2019,TRADER JOE'S #533  QPS HARTSDALE NY,21.73
12/18/2019,H MART - HARTSDALE HARTSDALE NY,66.15
12/21/2019,MCDONALD'S F748 GREENWICH CT,5.57
12/21/2019,MCDONALD'S F748 GREENWICH CT,3.96
12/22/2019,TANDORI TASTE OF INDIA WHITE PLAINS NY,48.75
06/12/2020,AUTOMATIC PAYMENT - THANK YOU,-184.91
05/26/2020,TMOBILE*AUTO PAY 800-937-8997 WA,184.66
01/12/2018,AUTOMATIC PAYMENT - THANK YOU,-73.87
12/27/2017,EZPASS PREPAID TOLL 800-333-8655 NY,25.00
12/29/2017,MCDONALD'S F748 GREENWICH CT,1.06
12/29/2017,MCDONALD'S F18884 NEW YORK NY,1.09
12/29/2017,SQ *BIBBLE & SIP New York NY,22.86
01/03/2018,MCDONALD'S F748 GREENWICH CT,5.20
01/06/2018,MCDONALD'S F748 GREENWICH CT,7.96
01/05/2018,SQ *BIBBLE & SIP New York NY,11.43
01/05/2018,SQ *BIBBLE & SIP New York NY,7.62
01/05/2018,SQ *BIBBLE & SIP New York NY,17.62
01/06/2018,SHOPRITE CMMERCE ST S1 STAMFORD CT,55.86
01/11/2018,VERIZON*RECURRING PAY 800-VERIZON FL,73.94
01/11/2018,VUDU.COM 408-492-1010 CA,6.05
01/14/2018,TRADER JOE'S #533  QPS HARTSDALE NY,38.34
07/13/2020,AUTOMATIC PAYMENT - THANK YOU,-184.66
06/29/2020,CVS/PHARMACY #01280 GREENWICH CT,1.54
06/29/2020,STARBUCKS STORE 00806 GREENWICH CT,4.88
12/31/2020,FSASTORE.COM NEW YORK NY,-167.78
01/22/2021,AUTOMATIC PAYMENT - THANK YOU,-2916.57
12/31/2020,SHOPRITE CMMERCE ST S1 STAMFORD CT,92.52
12/31/2020,FSASTORE.COM NEW YORK NY,167.78
12/31/2020,FSASTORE.COM NEW YORK NY,167.78
01/09/2021,RYE PERIODONTICS AND IMPL RYE BROOK NY,896.00
01/09/2021,MCDONALD'S F748 GREENWICH CT,1.07
01/12/2021,CVS/PHARMACY #01280 GREENWICH CT,13.80
01/12/2021,CVS/PHARMACY #01280 GREENWICH CT,26.06
01/16/2021,MCDONALD'S F748 GREENWICH CT,5.57
01/16/2021,TRADER JOE'S #533  QPS HARTSDALE NY,38.11
01/16/2021,H MART - HARTSDALE HARTSDALE NY,88.58
01/16/2021,MCDONALD'S F748 GREENWICH CT,1.07
05/20/2023,SQ *EL PATRON PORT CHESTER NY,35.88
05/20/2023,CT DMV ONLINE SERVICES 000-0000000 CT,84.00
05/30/2023,E-Z*PASSNY REBILL 800-333-8655 NY,25.00
02/14/2020,HIS*HISCOX INC 888-202-3007 GA,-163.40
02/21/2020,AUTOMATIC PAYMENT - THANK YOU,-3083.64
01/25/2020,H MART - HARTSDALE HARTSDALE NY,131.04
01/25/2020,TRADER JOE'S #533  QPS HARTSDALE NY,18.74
01/26/2020,TANDORI TASTE OF INDIA WHITE PLAINS NY,48.75
01/27/2020,MCDONALD'S F748 GREENWICH CT,5.37
01/27/2020,MCDONALD'S F748 GREENWICH CT,2.89
01/27/2020,MCDONALD'S F748 GREENWICH CT,1.07
01/30/2020,USPS PO 0834120830 GREENWICH CT,103.34
02/01/2020,MCDONALD'S F748 GREENWICH CT,3.75
02/01/2020,H MART - HARTSDALE HARTSDALE NY,91.37
02/01/2020,MCDONALD'S F748 GREENWICH CT,5.57
02/01/2020,TRADER JOE'S #533  QPS HARTSDALE NY,22.42
02/02/2020,SHOPRITE NORWALK S1 NORWALK CT,36.45
02/02/2020,AMERICAN STEAKHOUSE - NORWALK CT,45.05
02/06/2020,OPTUMRX 800-562-6223 CA,5.48
02/08/2020,SHOPRITE NORWALK S1 NORWALK CT,30.75
02/08/2020,TRADER JOE'S #522  QPS DARIEN CT,31.91
02/08/2020,AMERICAN STEAKHOUSE - NORWALK CT,45.05
02/11/2020,HIS*HISCOX INC 888-202-3007 GA,163.40
02/12/2020,MCDONALD'S F748 GREENWICH CT,2.67
02/12/2020,MCDONALD'S F748 GREENWICH CT,1.07
02/13/2020,CT NATURAL GAS 860-524-8361 CT,133.46
02/12/2020,MCDONALD'S F748 GREENWICH CT,5.57
02/13/2020,MCDONALD'S F7552 NEW YORK NY,1.07
02/15/2020,COSTCO WHSE #0324 NORWALK CT,.63
02/14/2020,KUMO ULTIMATE SUSHI BAR STAMFORD CT,57.36
02/14/2020,WESTCHESTER AVE DENTAL PORT CHESTER NY,20.00
02/13/2020,THE HOME DEPOT 1212 PORT CHESTER NY,3.23
02/15/2020,TRADER JOE'S #522  QPS DARIEN CT,16.96
02/16/2020,MCDONALD'S F748 GREENWICH CT,4.18
02/16/2020,MCDONALD'S F748 GREENWICH CT,2.67
02/15/2020,AMERICAN STEAKHOUSE - NORWALK CT,45.05
02/16/2020,MCDONALD'S F748 203-629-9068 CT,5.57
02/17/2020,H MART - HARTSDALE HARTSDALE NY,3.26
02/17/2020,H MART - HARTSDALE HARTSDALE NY,8.97
02/17/2020,RED LOBSTER 0351 SCARSDALE NY,83.09
02/19/2020,AMZ*Woot, Inc info@woot.com TX,59.55
02/21/2020,LCA*LABCORP 8008456167 800-845-6167 NC,40.51
02/20/2020,KUMO ULTIMATE SUSHI BAR STAMFORD CT,29.75
02/22/2020,TRADER JOE'S #522  QPS DARIEN CT,23.19
02/22/2020,SHOPRITE NORWALK S1 NORWALK CT,36.14
02/22/2020,AMERICAN STEAKHOUSE - NORWALK CT,45.05
02/22/2020,MCDONALD'S F748 GREENWICH CT,5.57
02/23/2020,HOMEGOODS #0507 PORT CHESTER NY,17.31
02/23/2020,KOHL'S #0397 PORT CHESTER NY,12.69
02/24/2020,SQ *KURO-OBI AT URBANSPAC New York NY,13.06
11/13/2020,AUTOMATIC PAYMENT - THANK YOU,-153.92
10/26/2020,Amazon.com*2T08P72J2 Amzn.com/bill WA,70.19
07/13/2022,AUTOMATIC PAYMENT - THANK YOU,-150.00
01/20/2018,MCDONALD'S F3345 RIVERSIDE CT,-2.75
01/20/2018,MCDONALD'S F748 GREENWICH CT,-2.75
02/13/2018,AUTOMATIC PAYMENT - THANK YOU,-268.53
01/15/2018,MCDONALD'S F748 GREENWICH CT,2.75
01/20/2018,MCDONALD'S F748 GREENWICH CT,2.75
01/20/2018,MCDONALD'S F3345 RIVERSIDE CT,1.58
01/20/2018,MCDONALD'S F3345 RIVERSIDE CT,2.75
01/24/2018,MCDONALD'S F748 GREENWICH CT,2.75
01/27/2018,SHOPRITE CMMERCE ST S1 STAMFORD CT,21.38
01/27/2018,TRADER JOE'S #522  QPS DARIEN CT,20.22
01/27/2018,AMERICAN STEAKHOUSE - NORWALK CT,44.64
01/27/2018,MCDONALD'S F748 GREENWICH CT,1.68
01/27/2018,MCDONALD'S F3345 RIVERSIDE CT,1.58
01/29/2018,MCDONALD'S F18884 NEW YORK NY,1.09
01/31/2018,SHOPRITE CMMERCE ST S1 STAMFORD CT,8.48
01/31/2018,MCDONALD'S F3345 RIVERSIDE CT,1.06
02/02/2018,#1 ISTANBUL KEBAB HOUSE NEW YORK NY,17.00
02/03/2018,MCDONALD'S F748 GREENWICH CT,1.06
02/05/2018,MCDONALD'S F18884 NEW YORK NY,1.09
02/07/2018,MCDONALD'S F748 GREENWICH CT,1.06
02/12/2018,VERIZON*RECURRING PAY 800-VERIZON FL,73.94
03/10/2023,CL *Chase Travel TRIPCHRG.COM VA,-1313.26
03/27/2023,AUTOMATIC PAYMENT - THANK YOU,-230.05
03/03/2023,KARAVALLI REG.CUISINE OF LATHAM NY,29.82
03/05/2023,EVA AIRWAYS 6954562622326 EL SEGUNDO CA,100.00
03/10/2023,CL *Chase Travel TRIPCHRG.COM VA,1528.45
03/10/2023,CL *Chase Travel TRIPCHRG.COM VA,1313.26
03/12/2023,TRADER JOE'S #529 QPS STAMFORD CT,18.43
03/12/2023,SHOPRITE CMMERCE ST S1 STAMFORD CT,7.73
03/13/2023,CHATGPT SUBSCRIPTION OPENAI.COM CA,21.27
03/19/2023,H MART - HARTSDALE HARTSDALE NY,7.99
03/19/2023,TRADER JOE S #533 HARTSDALE NY,16.92
03/19/2023,SHAKE SHACK - 1210 HARTSDALE NY,10.83
03/21/2023,OPENAI OPENAI.COM CA,4.58
03/22/2023,UBER   TRIP HELP.UBER.COM CA,7.79
03/23/2023,UBER   TRIP HELP.UBER.COM CA,7.88
03/26/2023,SHOPRITE CMMERCE ST S1 STAMFORD CT,13.48
03/26/2023,TMOBILE*AUTO PAY 800-937-8997 WA,268.35
03/27/2023,FRESH GREEN LIGHT 203-861-1188 CT,998.00
04/01/2023,CVS/PHARMACY #01280 GREENWICH CT,28.99
03/31/2023,PORT CHESTER COACH PORT CHESTER NY,50.84
10/12/2018,AUTOMATIC PAYMENT - THANK YOU,-746.91
09/18/2018,EZPASS PREPAID TOLL 800-333-8655 NY,25.00
05/13/2022,AUTOMATIC PAYMENT - THANK YOU,-11.11
04/17/2022,PANERA BREAD #203162 K TROY NY,16.61
04/23/2022,RPI RATHSKELLAR 2 TROY NY,11.11
05/02/2022,RPI RATHSKELLAR 2 TROY NY,11.11
05/07/2022,E-Z*PASSNY REBILL 800-333-8655 NY,25.00
07/21/2023,AUTOMATIC PAYMENT - THANK YOU,-55.99
07/01/2023,SUNOCO 0723331501 LAKE KATRINE NY,35.00
01/27/2022,AUTOMATIC PAYMENT - THANK YOU,-304.89
01/07/2022,H MART - HARTSDALE HARTSDALE NY,145.27
01/07/2022,MCDONALD'S F748 GREENWICH CT,1.07
01/07/2022,MCDONALD'S F748 GREENWICH CT,5.57
01/15/2022,MCDONALD'S F3345 RIVERSIDE CT,1.07
01/15/2022,MCDONALD'S F3345 RIVERSIDE CT,5.57
01/16/2022,H MART - HARTSDALE HARTSDALE NY,11.99
01/16/2022,TRADER JOE'S #533  QPS HARTSDALE NY,34.67
01/17/2022,TST* DINOSAUR BAR-B-QUE - TROY NY,87.52
01/22/2022,ROCKPORT.COM ROCKPORT.COM MA,29.77
01/26/2022,TMOBILE*AUTO PAY 800-937-8997 WA,160.27
01/28/2022,GEICO  *AUTO 800-841-3000 DC,445.60
02/01/2022,TRADER JOE'S #529 QPS STAMFORD CT,18.52
12/12/2021,TRADER JOE'S #533  QPS HARTSDALE NY,93.89
12/12/2021,H MART - HARTSDALE HARTSDALE NY,16.28
12/23/2021,PAYPAL *ROCKPORTCOM 402-935-7733 MA,40.40
10/22/2019,AUTOMATIC PAYMENT - THANK YOU,-1186.68
09/26/2019,JEUNESSE LLC 321-2757200 FL,1418.29
09/27/2019,JEUNESSE LLC 321-2757200 FL,492.08
09/28/2019,TRADER JOE'S #533  QPS HARTSDALE NY,34.11
09/28/2019,MCDONALD'S F748 GREENWICH CT,5.52
09/28/2019,H MART HARTSDALE HARTSDALE NY,28.03
09/28/2019,MCDONALD'S F748 GREENWICH CT,3.50
09/29/2019,SHOPRITE NORWALK S1 NORWALK CT,28.59
09/29/2019,AMERICAN STEAKHOUSE - NORWALK CT,44.64
10/01/2019,MCDONALD'S M2008 OF NY NEW YORK NY,4.24
10/02/2019,MTA*MNR ETIX TICKET 877-690-5116 NY,36.00
10/04/2019,DUNKIN' MOBILE AP 800-447-0013 MA,25.00
10/06/2019,TRADER JOE'S #533  QPS HARTSDALE NY,53.22
10/06/2019,CENTRAL SEAFOOD HARTSDALE NY,39.00
10/06/2019,MCDONALD'S F748 GREENWICH CT,6.00
10/06/2019,MCDONALD'S F748 GREENWICH CT,5.57
10/06/2019,H MART HARTSDALE HARTSDALE NY,60.87
10/11/2019,CT NATURAL GAS 860-524-8361 CT,39.18
10/12/2019,MCDONALD'S F748 GREENWICH CT,5.57
10/12/2019,MCDONALD'S F748 GREENWICH CT,3.96
10/12/2019,STOP & SHOP 0616 GREENWICH CT,5.00
10/13/2019,SHOPRITE NORWALK S1 NORWALK CT,62.98
10/13/2019,TRADER JOE'S #522  QPS DARIEN CT,18.18
10/13/2019,AMERICAN STEAKHOUSE - NORWALK CT,45.05
10/16/2019,MCDONALD'S F748 GREENWICH CT,5.57
10/16/2019,MCDONALD'S F748 GREENWICH CT,2.89
10/16/2019,KUMO ULTIMATE SUSHI BAR STAMFORD CT,27.75
10/19/2019,RYE PERIODONTICS AND IMPL RYE BROOK NY,117.40
10/18/2019,MCDONALD'S F7552 NEW YORK NY,5.00
10/19/2019,CVS/PHARMACY #01280 GREENWICH CT,2.47
10/19/2019,NYCDOT PARKING METERS LONG IS CITY NY,3.00
10/19/2019,HOMEGOODS #0507 PORT CHESTER NY,8.67
10/20/2019,TRADER JOE'S #533  QPS HARTSDALE NY,49.55
10/19/2019,MCDONALD'S F748 GREENWICH CT,3.75
10/19/2019,MCDONALD'S F748 GREENWICH CT,5.57
10/19/2019,MCDONALD'S F748 GREENWICH CT,4.83
10/20/2019,H MART HARTSDALE HARTSDALE NY,130.40
10/20/2019,SGD DUBU HARTSDALE NY,79.46
10/23/2019,MCDONALD'S F748 GREENWICH CT,5.57
10/23/2019,MCDONALD'S F748 GREENWICH CT,3.96
09/22/2019,AUTOMATIC PAYMENT - THANK YOU,-1508.84
08/25/2019,TRADER JOE'S #522  QPS DARIEN CT,20.63
08/25/2019,AMERICAN STEAKHOUSE - NORWALK CT,44.64
08/27/2019,T-MOBILE STORE # 1531 PORT CHESTER NY,61.68
08/27/2019,MCDONALD'S F748 GREENWICH CT,4.25
08/31/2019,SHOPRITE NORWALK S1 NORWALK CT,33.78
08/31/2019,WAL-MART #3547 NORWALK CT,13.78
09/01/2019,H MART HARTSDALE HARTSDALE NY,58.22
08/31/2019,AMERICAN STEAKHOUSE - NORWALK CT,44.64
09/01/2019,MCDONALD'S F748 GREENWICH CT,5.52
09/01/2019,MCDONALD'S F748 GREENWICH CT,3.92
09/01/2019,TRADER JOE'S #533  QPS HARTSDALE NY,10.61
09/01/2019,PEPPER LUNCH - 54TH STREE NEW YORK NY,59.34
09/04/2019,MTA*MNR ETIX TICKET 877-690-5116 NY,36.00
09/04/2019,OPTUMRX 800-562-6223 CA,5.37
09/07/2019,SHOPRITE NORWALK S1 NORWALK CT,36.12
09/07/2019,MCDONALD'S F748 GREENWICH CT,5.52
09/07/2019,MCDONALD'S F748 GREENWICH CT,3.92
09/07/2019,TRADER JOE'S #522  QPS DARIEN CT,14.76
09/07/2019,WAL-MART #3547 NORWALK CT,7.96
09/07/2019,AMERICAN STEAKHOUSE - NORWALK CT,44.64
09/08/2019,Frontier Market Hartsdale NY,6.44
09/08/2019,TRADER JOE'S #533  QPS HARTSDALE NY,11.75
09/08/2019,H MART HARTSDALE HARTSDALE NY,63.24
09/08/2019,RED LOBSTER 0351 SCARSDALE NY,70.31
09/11/2019,MCDONALD'S F748 GREENWICH CT,5.52
09/11/2019,MCDONALD'S F748 GREENWICH CT,3.50
09/14/2019,TRADER JOE'S #533  QPS HARTSDALE NY,18.12
09/13/2019,CT NATURAL GAS 860-524-8361 CT,40.65
09/14/2019,OPTUMRX 800-562-6223 CA,20.00
09/14/2019,MCDONALD'S F748 GREENWICH CT,3.50
09/13/2019,USPS PO 3596550055 NEW YORK NY,.55
09/14/2019,MCDONALD'S F748 GREENWICH CT,5.52
09/13/2019,DUNKIN' MOBILE AP 800-447-0013 MA,10.00
09/14/2019,H MART HARTSDALE HARTSDALE NY,92.54
09/16/2019,Amazon.com*W43365FL3 Amzn.com/bill WA,73.38
09/18/2019,KUMO ULTIMATE SUSHI BAR STAMFORD CT,27.51
09/18/2019,MCDONALD'S F748 GREENWICH CT,5.52
09/18/2019,SHOPRITE CMMERCE ST S1 STAMFORD CT,42.97
09/20/2019,SQ *BIBBLE & SIP New York NY,16.98
09/21/2019,COSTCO WHSE #0324 NORWALK CT,.63
09/20/2019,MCDONALD'S M2008 OF NY NEW YORK NY,4.24
09/21/2019,MCDONALD'S F748 GREENWICH CT,5.52
09/22/2019,GYRO GYRO HARTSDALE NY,47.13
09/21/2019,AMERICAN STEAKHOUSE - NORWALK CT,44.64
09/22/2019,H MART HARTSDALE HARTSDALE NY,39.76
09/22/2019,Frontier Market Hartsdale NY,6.48
09/22/2019,TRADER JOE'S #533  QPS HARTSDALE NY,4.98
10/16/2022,PANERA BREAD #600741 K LATHAM NY,8.63
05/22/2023,AUTOMATIC PAYMENT - THANK YOU,-135.14
05/03/2023,TRADER JOE S #522 DARIEN CT,73.63
05/07/2023,H MART - HARTSDALE HARTSDALE NY,13.99
05/07/2023,TRADER JOE S #522 DARIEN CT,37.25
05/10/2023,TRADER JOE S #529 STAMFORD CT,26.75
05/23/2023,VERIZON*RECURRING PAY 800-VERIZON FL,49.99
01/22/2019,AUTOMATIC PAYMENT - THANK YOU,-2437.88
12/22/2018,61492 - FLUSHING COMMONS FLUSHING NY,4.00
12/28/2018,MCDONALD'S F748 GREENWICH CT,6.48
12/28/2018,MCDONALD'S F748 GREENWICH CT,1.06
12/29/2018,TANDORI TASTE OF INDIA WHITE PLAINS NY,37.00
12/27/2018,MID HUDSON BUFFET KINGSTON NY,25.90
12/28/2018,TMOBILE*POSTPAID PDA 800-937-8997 WA,37.57
12/30/2018,AMERICAN STEAKHOUSE - NORWALK CT,29.76
01/02/2019,MTA*MNR ETIX TICKET 877-690-5116 NY,41.00
01/04/2019,#1 ISTANBUL KEBAB HOUSE NEW YORK NY,19.00
01/04/2019,PANDA PAVILLION III IN GREENWICH CT,12.80
01/03/2019,ZIBETTO ESPRESSO BAR NEW YORK NY,7.00
01/04/2019,MINAR NEW YORK NY,10.34
01/06/2019,H MART HARTSDALE HARTSDALE NY,11.30
01/05/2019,MCDONALD'S F748 GREENWICH CT,4.35
01/05/2019,MCDONALD'S F748 GREENWICH CT,2.75
01/06/2019,SHAKE SHACK - 1210 HARTSDALE NY,21.41
01/09/2019,PANDA PAVILLION III IN GREENWICH CT,12.80
01/11/2019,PANDA PAVILLION III IN GREENWICH CT,14.90
01/12/2019,MCDONALD'S F748 GREENWICH CT,5.41
01/13/2019,TANDORI TASTE OF INDIA WHITE PLAINS NY,37.00
01/11/2019,YUM YUM TOO. NEW YORK NY,22.71
01/12/2019,AMERICAN STEAKHOUSE - NORWALK CT,29.76
01/12/2019,MCDONALD'S F748 GREENWICH CT,2.75
01/15/2019,PANDA PAVILLION III IN GREENWICH CT,12.80
01/14/2019,CT NATURAL GAS 860-524-8361 CT,186.48
01/17/2019,PANDA PAVILLION III IN GREENWICH CT,14.90
01/19/2019,MCDONALD'S F748 GREENWICH CT,5.32
01/19/2019,AMERICAN STEAKHOUSE - NORWALK CT,29.76
01/20/2019,H MART HARTSDALE HARTSDALE NY,10.99
01/20/2019,H MART HARTSDALE HARTSDALE NY,6.45
01/19/2019,MCDONALD'S F748 GREENWICH CT,2.75
01/20/2019,SHAKE SHACK - 1210 HARTSDALE NY,21.41
01/21/2019,COSTCO WHSE #0326 PORT CHESTER NY,10.68
01/23/2019,PANDA PAVILLION III IN GREENWICH CT,12.80
01/23/2019,CAFE 1585     18209155 NEW YORK NY,6.31
01/24/2019,PANDA PAVILLION III IN GREENWICH CT,12.80
01/24/2019,BIO-REFERENCE LABS INC 800-229-5227 NJ,75.56
01/24/2019,MCDONALD'S F748 GREENWICH CT,5.32
01/24/2019,THE CENTER FOR GASTROINTE 203-489-6900 CT,67.31
09/27/2023,AUTOMATIC PAYMENT - THANK YOU,-1692.97
08/31/2023,TRADER JOE S #529 STAMFORD CT,46.65
09/02/2023,SQ *H MART HARTSDALE Armonk NY,31.41
09/02/2023,H MART - HARTSDALE HARTSDALE NY,32.89
09/02/2023,TRADER JOE S #533 HARTSDALE NY,10.07
09/03/2023,COSTCO WHSE #0326 PORT CHESTER NY,3.25
09/05/2023,DOMINOS 4036 COS COB CT,15.01
09/08/2023,TRADER JOE S #529 STAMFORD CT,40.66
09/09/2023,COSTCO WHSE #0326 PORT CHESTER NY,3.25
09/08/2023,5GUYS 1476 QSR STAMFORD CT,20.60
09/12/2023,SQ *TERIYAKI ONE New York NY,10.77
09/12/2023,DOMINOS 4036 COS COB CT,15.01
09/13/2023,CHATGPT SUBSCRIPTION OPENAI.COM CA,21.27
09/15/2023,McDonalds 3345 120-3637859 CT,6.00
09/17/2023,SQ *H MART HARTSDALE Armonk NY,32.49
09/17/2023,H MART - HARTSDALE HARTSDALE NY,16.27
09/17/2023,TRADER JOE S #533 HARTSDALE NY,50.24
09/19/2023,DOMINOS 4036 COS COB CT,15.01
09/19/2023,KITCHEN PARADISE NEW YORK NY,11.70
09/20/2023,WESTCHESTER AVE DENTAL PORT CHESTER NY,50.60
09/22/2023,McDonalds 748 120-3302329 CT,6.11
09/24/2023,H MART - HARTSDALE HARTSDALE NY,11.78
09/23/2023,AMERICAN STEAKHOUSE - NORWALK CT,38.62
09/24/2023,SQ *H MART HARTSDALE Armonk NY,32.49
09/24/2023,TRADER JOE S #533 HARTSDALE NY,24.02
09/26/2023,TMOBILE*AUTO PAY 800-937-8997 WA,266.57
09/28/2023,DOMINOS 4036 COS COB CT,15.01
10/01/2023,SQ *H MART HARTSDALE Armonk NY,32.49
10/01/2023,McDonalds 748 120-3302329 CT,6.11
10/01/2023,H MART - HARTSDALE HARTSDALE NY,9.96
12/13/2022,AUTOMATIC PAYMENT - THANK YOU,-8.63
11/23/2022,E-Z*PASSNY REBILL 800-333-8655 NY,25.00
12/12/2022,AMAZON.COM               AMZN.COM/BILLWA,13.26
02/22/2021,AUTOMATIC PAYMENT - THANK YOU,-1498.34
01/30/2021,MCDONALD'S F748 GREENWICH CT,1.07
02/06/2021,MCDONALD'S F748 GREENWICH CT,5.57
02/06/2021,MCDONALD'S F748 GREENWICH CT,1.07
02/11/2021,ACME 2497 RIVERSIDE CT,7.78
02/15/2021,TRADER JOE'S #529 QPS STAMFORD CT,30.53
02/16/2021,CVS/PHARMACY #06702 GREENWICH CT,2.29
02/15/2021,MCDONALD'S F3345 RIVERSIDE CT,5.46
02/15/2021,MCDONALD'S F3345 RIVERSIDE CT,1.07
02/20/2021,MCDONALD'S F748 GREENWICH CT,1.07
02/20/2021,MCDONALD'S F748 GREENWICH CT,5.57
02/20/2021,ASIA BAZAAR STAMFORD CT,10.47
02/21/2021,GEICO  *AUTO MACON DC,413.60
10/22/2020,AUTOMATIC PAYMENT - THANK YOU,-559.01
10/01/2020,SHOPRITE CMMERCE ST S1 STAMFORD CT,31.20
10/10/2020,H MART - HARTSDALE HARTSDALE NY,69.17
10/09/2020,TOYOTA OF GREENWICH COS COB CT,1252.18
10/10/2020,TRADER JOE'S #533  QPS HARTSDALE NY,18.94
10/10/2020,CVS/PHARMACY #01280 GREENWICH CT,15.94
10/13/2020,& CT NATURAL GAS 860-524-8361 CT,39.97
01/22/2020,AUTOMATIC PAYMENT - THANK YOU,-1724.58
12/28/2019,COSTCO WHSE #0326 PORT CHESTER NY,.64
12/29/2019,TRADER JOE'S #533  QPS HARTSDALE NY,25.95
12/29/2019,H MART - HARTSDALE HARTSDALE NY,48.71
12/28/2019,JEUNESSE LLC 321-2757200 FL,538.50
12/28/2019,3603 Dominos Pizza 914-967-5070 NY,12.98
12/28/2019,JEUNESSE LLC 321-2757200 FL,1168.28
12/29/2019,CENTRAL SEAFOOD HARTSDALE NY,29.25
12/30/2019,C & A SUPERMARKET INC FLUSHING NY,97.63
01/01/2020,MCDONALD'S F748 GREENWICH CT,5.37
01/01/2020,MCDONALD'S F748 203-629-9068 CT,2.89
01/05/2020,SHOPRITE NORWALK S1 NORWALK CT,44.53
01/05/2020,MCDONALD'S F748 GREENWICH CT,1.06
01/05/2020,AMERICAN STEAKHOUSE - NORWALK CT,45.05
01/08/2020,H MART - HARTSDALE HARTSDALE NY,19.72
01/08/2020,MCDONALD'S F748 GREENWICH CT,1.06
01/08/2020,TACO BELL 030544 PORT CHESTER NY,6.38
01/09/2020,GREENWICH CONTINUING EDUC 203-625-7474 CT,204.00
01/11/2020,MCDONALD'S F748 GREENWICH CT,5.37
01/11/2020,MCDONALD'S F748 GREENWICH CT,1.07
01/12/2020,INTERVIEWCAKE.COM 8048762253 NY,249.00
01/12/2020,COSTCO WHSE #0326 PORT CHESTER NY,12.41
01/11/2020,MCDONALD'S F748 GREENWICH CT,2.89
01/13/2020,GEICO  *AUTO 800-841-3000 DC,434.00
01/14/2020,CT NATURAL GAS 860-524-8361 CT,133.33
01/15/2020,COSTCO WHSE #0326 PORT CHESTER NY,2.71
01/16/2020,KUMO ULTIMATE SUSHI BAR STAMFORD CT,29.75
01/16/2020,MCDONALD'S F3345 RIVERSIDE CT,5.37
01/16/2020,MCDONALD'S F3345 RIVERSIDE CT,2.57
01/16/2020,ASIA BAZAAR STAMFORD CT,5.78
01/19/2020,SHOPRITE NORWALK S1 NORWALK CT,38.57
01/19/2020,TRADER JOE'S #522  QPS DARIEN CT,27.17
01/19/2020,AMERICAN STEAKHOUSE - NORWALK CT,45.05
12/27/2022,AUTOMATIC PAYMENT - THANK YOU,-177.26
12/08/2022,THAI SPICE NORWALK CT,68.38
12/16/2022,CT NATURAL GAS 860-524-8361 CT,138.38
12/18/2022,TRADER JOE'S #529 QPS STAMFORD CT,77.19
12/18/2022,5GUYS 1476 QSR STAMFORD CT,6.43
12/26/2022,TMOBILE*AUTO PAY 800-937-8997 WA,266.47
07/27/2023,AUTOMATIC PAYMENT - THANK YOU,-1345.34
07/02/2023,POPEYES 11646 PORTCHESTER NY,23.38
07/08/2023,WAL-MART #3547 NORWALK CT,14.76
07/08/2023,TRADER JOE S #522 DARIEN CT,7.48
07/08/2023,AMERICAN STEAKHOUSE - NORWALK CT,38.62
07/09/2023,KARAVALLI REG.CUISINE OF LATHAM NY,42.62
07/11/2023,SQ *JAMROCK JERK gosq.com NY,17.42
07/13/2023,NOTION LABS, INC. HTTPSWWW.NOTI CA,10.00
07/12/2023,MARCUS MAYUS MD INC 203-8695515 CT,25.00
07/13/2023,ZIP.CO* NEWEGG 164-68139492 NY,123.16
07/13/2023,KITCHEN PARADISE NEW YORK NY,11.70
07/13/2023,CHATGPT SUBSCRIPTION OPENAI.COM CA,20.20
07/15/2023,McDonalds 748 120-3302329 CT,5.89
07/16/2023,SHOPRITE CMMERCE ST S1 STAMFORD CT,20.39
07/18/2023,OPENAI OPENAI.COM CA,3.61
07/23/2023,MTA*NYCT PAYGO NEW YORK NY,2.75
07/21/2023,HSC MYCHART 855-547-4584 CT,4814.14
07/22/2023,STARBUCKS STORE 07920 NEW YORK NY,10.13
07/23/2023,MTA*MNR ETIX TICKET 877-690-5116 NY,20.50
07/23/2023,SHOPRITE CMMERCE ST S1 STAMFORD CT,25.39
07/23/2023,McDonalds 748 120-3302329 CT,5.79
07/27/2023,TMOBILE*AUTO PAY 800-937-8997 WA,266.29
07/27/2023,ZIP.CO* NEWEGG 164-68139492 NY,123.16
07/27/2023,KITCHEN PARADISE NEW YORK NY,11.70
07/29/2023,SHOPRITE CMMERCE ST S1 STAMFORD CT,53.65
07/30/2023,SQ *H MART HARTSDALE Armonk NY,17.33
07/30/2023,H MART - HARTSDALE HARTSDALE NY,1.99
07/30/2023,TRADER JOE S #533 HARTSDALE NY,21.59
08/01/2023,KITCHEN PARADISE NEW YORK NY,10.65
08/01/2023,ANNUAL MEMBERSHIP FEE,95.00
02/17/2018,MCDONALD'S F748 GREENWICH CT,-1.06
02/17/2018,MCDONALD'S F748 GREENWICH CT,-1.06
03/13/2018,AUTOMATIC PAYMENT - THANK YOU,-204.74
02/16/2018,EZPASS PREPAID TOLL 800-333-8655 NY,25.00
02/16/2018,H MART HARTSDALE HARTSDALE NY,89.62
02/18/2018,TRADER JOE'S #522  QPS DARIEN CT,18.05
02/17/2018,MCDONALD'S F748 GREENWICH CT,1.06
02/18/2018,SHOPRITE NORWALK S1 NORWALK CT,39.40
02/17/2018,MCDONALD'S F748 GREENWICH CT,1.06
02/23/2018,SQ *BIBBLE & SIP New York NY,15.24
02/25/2018,MCDONALD'S F748 GREENWICH CT,1.06
03/03/2018,TRADER JOE'S #522  QPS DARIEN CT,44.57
03/03/2018,MCDONALD'S F748 GREENWICH CT,3.82
03/10/2018,MCDONALD'S F748 GREENWICH CT,1.06
03/10/2018,MCDONALD'S F748 GREENWICH CT,4.25
03/12/2018,VERIZON*RECURRING PAY 800-VERIZON FL,73.94
03/12/2018,MCDONALD'S F6971 NEW YORK NY,1.09
03/14/2018,MCDONALD'S F748 GREENWICH CT,4.25
03/14/2018,MCDONALD'S F748 GREENWICH CT,1.06
11/12/2021,AUTOMATIC PAYMENT - THANK YOU,-27.28
10/17/2021,PANERA BREAD #203162 K TROY NY,10.99
10/25/2021,1311PEPSIVEN9147678600 LATHAM NY,3.50
10/31/2021,PANERA BREAD #203162 K TROY NY,15.85
11/07/2021,PANERA BREAD #203162 K TROY NY,13.37
04/10/2022,RPI RATHSKELLAR 2 TROY NY,11.11
08/26/2022,AUTOMATIC PAYMENT - THANK YOU,-534.95
08/04/2022,GEICO  *AUTO 800-841-3000 DC,477.30
08/10/2022,SQ *BIBBLE & SIP New York NY,27.82
08/11/2022,MTA*MNR ETIX TICKET 877-690-5116 NY,27.50
08/12/2022,ROBERT A WOODBURY MD RIVERSIDE CT,252.38
08/14/2022,RESTAURANT DEPOT PORT CHESTER NY,191.49
08/20/2022,MCDONALD'S F3240 PORT CHESTER NY,5.62
08/20/2022,MCDONALD'S F3240 PORT CHESTER NY,1.08
08/26/2022,TMOBILE*AUTO PAY 800-937-8997 WA,182.54
08/27/2022,MCDONALD'S F3240 PORT CHESTER NY,5.62
08/27/2022,MCDONALD'S F3240 PORT CHESTER NY,1.08
08/27/2022,eBay O*13-09029-80007 San Jose CA,71.41
08/28/2022,TST* Dinosaur Bar-B-Que - Troy NY,89.46
08/22/2019,AUTOMATIC PAYMENT - THANK YOU,-2240.06
07/27/2019,MCDONALD'S F748 GREENWICH CT,9.44
07/28/2019,COSTCO WHSE #0324 NORWALK CT,.63
07/28/2019,COSTCO WHSE #0326 PORT CHESTER NY,.63
07/28/2019,WAL-MART #3547 NORWALK CT,19.46
07/28/2019,TRADER JOE'S #522  QPS DARIEN CT,6.13
07/28/2019,AMERICAN STEAKHOUSE - NORWALK CT,44.64
07/30/2019,COSTCO WHSE #0326 PORT CHESTER NY,1.61
08/03/2019,SHOPRITE NORWALK S1 NORWALK CT,56.83
08/02/2019,SQ *BIBBLE & SIP New York NY,8.49
08/03/2019,MCDONALD'S F748 GREENWICH CT,9.44
08/02/2019,MTA*MNR ETIX TICKET 877-690-5116 NY,36.00
08/03/2019,AMERICAN STEAKHOUSE - NORWALK CT,44.64
08/03/2019,MCDONALD'S F3240 PORT CHESTER NY,1.07
08/04/2019,Frontier Market Hartsdale NY,45.07
08/04/2019,H MART HARTSDALE HARTSDALE NY,56.09
08/04/2019,GYRO GYRO HARTSDALE NY,53.33
08/04/2019,TRADER JOE'S #533  QPS HARTSDALE NY,27.62
08/06/2019,FIVE GUYS-NY #1499 NEWYORK NY,5.06
08/07/2019,GEICO  *AUTO MACON DC,434.00
08/07/2019,MTA*METROCARD MACHINE NEW YORK NY,6.50
08/09/2019,STARBUCKS STORE 07215 NEW YORK NY,8.06
08/10/2019,EYE SOLUTIONS FLUSHING NY,55.00
08/09/2019,SQ *BIBBLE & SIP New York NY,18.49
08/10/2019,HUA LIAN SUPERMARKET FLUSHING NY,90.71
08/11/2019,MCDONALD'S F748 GREENWICH CT,5.52
08/11/2019,H MART HARTSDALE HARTSDALE NY,31.80
08/10/2019,GYROWORLD FLUSHING NY,57.47
08/11/2019,CENTRAL SEAFOOD HARTSDALE NY,29.45
08/11/2019,MCDONALD'S F748 GREENWICH CT,3.92
08/11/2019,TRADER JOE'S #533  QPS HARTSDALE NY,8.61
08/13/2019,CT NATURAL GAS 860-524-8361 CT,36.30
08/17/2019,MCDONALD'S F748 GREENWICH CT,5.52
08/17/2019,MCDONALD'S F748 GREENWICH CT,3.92
08/16/2019,SQ *BIBBLE & SIP New York NY,8.49
08/17/2019,H MART HARTSDALE HARTSDALE NY,33.26
08/18/2019,COSTCO WHSE #0324 NORWALK CT,.63
08/18/2019,SHOPRITE NORWALK S1 NORWALK CT,45.02
08/18/2019,TRADER JOE'S #522  QPS DARIEN CT,30.04
08/18/2019,AMERICAN STEAKHOUSE - NORWALK CT,44.64
08/20/2019,KUMO ULTIMATE SUSHI BAR STAMFORD CT,29.51
08/20/2019,WESTCHESTER AVE DENTAL PORT CHESTER NY,40.80
08/24/2019,SHOPRITE CMMERCE ST S1 STAMFORD CT,45.56
08/24/2019,MCDONALD'S F748 GREENWICH CT,3.92
08/24/2019,MCDONALD'S F748 GREENWICH CT,5.52
03/27/2022,AUTOMATIC PAYMENT - THANK YOU,-722.08
03/12/2022,MCDONALD'S F748 GREENWICH CT,1.07
03/12/2022,MCDONALD'S F748 GREENWICH CT,5.57
03/13/2022,TST* DINOSAUR BAR-B-QUE - TROY NY,82.00
03/20/2022,TRADER JOE'S #522  QPS DARIEN CT,4.98
03/23/2022,DESPP EGOV.COM CT,90.90
03/26/2022,TMOBILE*AUTO PAY 800-937-8997 WA,163.06
10/08/2023,H MART - HARTSDALE HARTSDALE NY,12.96
03/22/2020,AUTOMATIC PAYMENT - THANK YOU,-1470.03
02/25/2020,SQ *KURO-OBI AT URBANSPAC New York NY,13.06
02/29/2020,H MART - HARTSDALE HARTSDALE NY,138.96
02/29/2020,MCDONALD'S F748 GREENWICH CT,5.36
02/29/2020,TRADER JOE'S #533  QPS HARTSDALE NY,30.08
02/29/2020,MCDONALD'S F748 GREENWICH CT,2.15
03/01/2020,TANDORI TASTE OF INDIA WHITE PLAINS NY,49.25
03/03/2020,OPTUMRX 800-562-6223 CA,20.00
03/03/2020,SQ *KURO-OBI AT URBANSPAC New York NY,13.06
03/07/2020,MCDONALD'S F748 GREENWICH CT,5.57
03/07/2020,MCDONALD'S F748 GREENWICH CT,2.67
03/13/2020,AMZN Mktp US*859EQ6Y53 Amzn.com/bill WA,53.59
03/13/2020,CT NATURAL GAS 860-524-8361 CT,106.35
03/14/2020,MCDONALD'S F3345 RIVERSIDE CT,5.46
06/29/2019,EZPASS PREPAID TOLL 800-333-8655 NY,25.00
07/08/2019,GYRO GYRO HARTSDALE NY,58.38
07/09/2019,MARRIOTT ORLANDO WC F& 866-435-7627 FL,6.28
07/10/2019,MARRIOTT ORLANDO WC F& 866-435-7627 FL,6.07
07/12/2019,MARRIOTT ORLANDO WC F& 866-435-7627 FL,3.20
07/12/2019,MARRIOTT ORLANDO WC F& 866-435-7627 FL,6.07
07/13/2019,PP*HARDIEWEAR BEAVER FALL PA,10.00
07/14/2019,CAPTAIN AMERIC00901504 ORLANDO FL,12.24
07/14/2019,GRAMERCY POPCO01201144 ORLANDO FL,9.58
07/14/2019,GRAMERCY POPCO01201144 ORLANDO FL,2.13
07/13/2019,MARRIOTT ORLANDO WC F& 866-435-7627 FL,6.28
07/14/2019,AUNTIE ANNES 01200130 ORLANDO FL,4.25
01/26/2020,TMOBILE*AUTO PAY 800-937-8997 WA,206.88
06/13/2022,AUTOMATIC PAYMENT - THANK YOU,-63.83
06/04/2022,FRESH GREEN LIGHT 203-861-1188 CT,150.00
04/09/2018,MCDONALD'S F6971 NEW YORK NY,-4.02
04/22/2018,AUTOMATIC PAYMENT - THANK YOU,-1171.38
03/24/2018,CHANG JIANG SUPERMARKE FLUSHING NY,36.28
03/24/2018,GOOD FORTUNE SUPERMARK FLUSHING NY,162.57
03/24/2018,GYROWORLD FLUSHING NY,52.10
04/01/2018,AMERICAN STEAKHOUSE - NORWALK CT,44.64
04/03/2018,METRO-NORTH-MOBILE TICKE 877-690-5114 NY,41.00
04/02/2018,CAMBRIDGE SAVINGS BANK 888-418-5626 MA,1000.00
04/04/2018,NORTHEAST MEDICAL GROUP 8608652222 CT,243.92
04/07/2018,H MART HARTSDALE HARTSDALE NY,82.65
04/07/2018,CENTRAL SEAFOOD HARTSDALE NY,35.45
04/08/2018,POLLO A LA BRASA MISTI RE PORT CHESTER NY,19.33
04/09/2018,MCDONALD'S F6971 NEW YORK NY,4.02
04/12/2018,CONNECTICUT NATURAL U0A 860-5248361 CT,119.90
04/11/2018,BUFFALO WILD WINGS 0329 TONAWANDA NY,37.98
04/14/2018,WETZEL'S PRETZELS CENTRAL VALLE NY,8.84
04/14/2018,LESPORTSSAC WOODBURY CENTRAL NY,87.14
04/14/2018,SENECA ONE STOP #030 NIAGARA FALLS NY,17.00
04/16/2018,MTA MVM*R236-GRAND CENT NEW YORK NY,3.00
04/18/2018,#1 ISTANBUL KEBAB HOUSE NEW YORK NY,19.00
04/18/2018,Yellowtail Hibachi & Sush STAMFORD CT,29.51
04/20/2018,SQ *BIBBLE & SIP New York NY,15.24
04/22/2018,GYU-KAKU RESTAURANT WHITE PLAINS NY,55.61
08/13/2018,AUTOMATIC PAYMENT - THANK YOU,-884.62
07/28/2018,SHOPRITE CMMERCE ST S1 STAMFORD CT,9.28
08/04/2018,SHOPRITE CMMERCE ST S1 STAMFORD CT,40.24
08/05/2018,H MART HARTSDALE HARTSDALE NY,16.10
08/13/2018,VERIZON*RECURRING PAY 800-VERIZON FL,75.10
10/13/2021,AUTOMATIC PAYMENT - THANK YOU,-104.75
09/18/2021,SQ *EURO DELICACIES Troy NY,8.64
09/30/2021,AMZN Mktp US*2C8SD8ED2 Amzn.com/bill WA,9.08
10/01/2021,AMZN Mktp US*2C0NE4P52 Amzn.com/bill WA,9.56
11/27/2022,AUTOMATIC PAYMENT - THANK YOU,-211.33
11/26/2022,TMOBILE*AUTO PAY 800-937-8997 WA,171.47
11/26/2022,McDonalds 748 GREENWICH CT,5.79
01/22/2018,Payment Thank You Bill Pay Service,-473.70
01/22/2018,AUTOMATIC PAYMENT - THANK YOU,-1177.08
12/24/2017,AMERICAN STEAKHOUSE - NORWALK CT,44.64
12/25/2017,BELLEAYRE SKI CENTER HIGHMOUNT NY,54.00
12/30/2017,EYE TSE OPTICAL, INC. FLUSHING NY,56.00
12/30/2017,MCDONALD'S F748 GREENWICH CT,5.20
12/30/2017,GOLD CITY SUPERMARKET FLUSHING NY,75.51
12/30/2017,GOOD FORTUNE SUPERMARK FLUSHING NY,123.53
12/31/2017,TANDORI TASTE OF INDIA WHITE PLAINS NY,59.38
12/30/2017,GYROWORLD FLUSHING NY,36.85
01/02/2018,METRO-NORTH-MOBILE TICKE 877-690-5114 NY,51.00
01/01/2018,AMC PORT CHESTER #2680 PORT CHESTER NY,35.38
01/01/2018,AMC PORT CHESTER #2680 PORT CHESTER NY,9.33
01/10/2018,MCDONALD'S F748 GREENWICH CT,5.20
01/12/2018,CONNECTICUT NATURAL U0A 860-5248361 CT,199.64
01/13/2018,MCDONALD'S F748 GREENWICH CT,5.20
01/13/2018,3603 Dominos Pizza 914-967-5070 NY,12.86
01/14/2018,H MART HARTSDALE HARTSDALE NY,59.55
01/19/2018,GEICO  *AUTO MACON DC,473.70
01/20/2018,SHOPRITE CMMERCE ST S1 STAMFORD CT,38.30
01/21/2018,H MART HARTSDALE HARTSDALE NY,91.91
01/21/2018,GYU-KAKU RESTAURANT WHITE PLAINS NY,73.86
01/23/2018,MTA MVM*A014-49 ST NEW YORK NY,3.00
07/22/2020,AUTOMATIC PAYMENT - THANK YOU,-40.87
07/04/2020,MCDONALD'S F3345 RIVERSIDE CT,5.46
07/04/2020,MCDONALD'S F3345 203-637-8598 CT,1.07
07/11/2020,MCDONALD'S F748 203-629-9068 CT,1.07
07/11/2020,MCDONALD'S F748 GREENWICH CT,5.57
07/14/2020,CT NATURAL GAS 860-524-8361 CT,35.55
07/20/2020,CT DMV SELF SERVICE TR 860-2635700 CT,105.00
04/22/2021,AUTOMATIC PAYMENT - THANK YOU,-206.57
03/27/2021,TRADER JOE'S #522  QPS DARIEN CT,14.75
03/27/2021,MCDONALD'S F748 GREENWICH CT,5.57
03/27/2021,MCDONALD'S F748 GREENWICH CT,1.07
03/27/2021,AMERICAN STEAKHOUSE - NORWALK CT,32.28
04/05/2021,MCDONALD'S F748 GREENWICH CT,5.57
04/05/2021,MCDONALD'S F748 GREENWICH CT,1.07
04/10/2021,H MART - HARTSDALE HARTSDALE NY,94.40
04/10/2021,MCDONALD'S F748 GREENWICH CT,5.57
04/10/2021,MCDONALD'S F748 GREENWICH CT,1.07
04/14/2021,CT NATURAL GAS 860-524-8361 CT,521.57
04/17/2021,MCDONALD'S F748 GREENWICH CT,1.07
04/17/2021,MCDONALD'S F748 GREENWICH CT,5.57
04/18/2021,SHOPRITE CMMERCE ST S1 STAMFORD CT,20.30
04/20/2021,CHILDRENS MEDICAL GROUP GREENWICH CT,10.00
04/24/2021,MCDONALD'S F748 GREENWICH CT,5.57
04/24/2021,H MART - HARTSDALE HARTSDALE NY,64.23
04/24/2021,MCDONALD'S F748 GREENWICH CT,1.07
04/24/2021,TRADER JOE'S #533  QPS HARTSDALE NY,54.38
04/02/2023,H MART - HARTSDALE HARTSDALE NY,5.49
04/02/2023,TRADER JOE S #533 HARTSDALE NY,20.10
04/08/2023,APPLE FARM PORT CHESTER NY,9.57
04/10/2023,VERIZON BILL PAYMENT VERIZON.COM FL,99.98
05/21/2022,SHOPRITE CMMERCE ST S1 STAMFORD CT,-5.57
05/22/2022,AUTOMATIC PAYMENT - THANK YOU,-270.33
05/15/2022,STEW LEONARDS-NORWALK GRO NORWALK CT,122.82
05/15/2022,SHOPRITE NORWALK S1 NORWALK CT,45.56
05/21/2022,SHOPRITE CMMERCE ST S1 STAMFORD CT,44.40
05/23/2022,BESTBUYCOM806649724568 888BESTBUY MN,21.66
08/22/2018,AUTOMATIC PAYMENT - THANK YOU,-4531.09
07/27/2018,MCDONALD'S F748 GREENWICH CT,1.06
07/27/2018,MCDONALD'S F748 GREENWICH CT,1.06
07/28/2018,SHOPRITE CMMERCE ST S1 STAMFORD CT,10.98
07/26/2018,MCDONALD'S F6971 NEW YORK NY,1.09
07/27/2018,MCDONALD'S F748 GREENWICH CT,1.06
07/27/2018,MCDONALD'S F748 GREENWICH CT,1.06
07/29/2018,HOMEGOODS #244 NORWALK CT,19.13
07/29/2018,WAL-MART #3547 NORWALK CT,7.96
07/29/2018,MCDONALD'S F748 GREENWICH CT,1.06
07/29/2018,TRADER JOE'S #522  QPS DARIEN CT,26.53
07/28/2018,MCDONALD'S F748 GREENWICH CT,1.06
07/29/2018,AMERICAN STEAKHOUSE - NORWALK CT,44.64
07/30/2018,MCDONALD'S F6971 NEW YORK NY,1.09
08/01/2018,METRO-NORTH-MOBILE TICKE 877-690-5114 NY,41.00
08/01/2018,MCDONALD'S F18884 NEW YORK NY,1.09
08/04/2018,SHOPRITE CMMERCE ST S1 STAMFORD CT,42.93
08/03/2018,MCDONALD'S F7552 NEW YORK NY,1.09
08/04/2018,MCDONALD'S F748 GREENWICH CT,1.06
08/04/2018,4062 Dominos Pizza STAMFORD CT,6.36
08/05/2018,MCDONALD'S F748 GREENWICH CT,1.06
08/04/2018,MCDONALD'S F748 GREENWICH CT,1.06
08/05/2018,TRADER JOE'S #533  QPS HARTSDALE NY,21.18
08/05/2018,H MART HARTSDALE HARTSDALE NY,25.97
08/05/2018,GYU-KAKU RESTAURANT WHITE PLAINS NY,28.51
08/06/2018,MCDONALD'S F6971 NEW YORK NY,1.09
08/08/2018,VESTA  *AT&T 866-608-3007 OR,43.11
08/07/2018,MCDONALD'S F18884 NEW YORK NY,1.09
08/07/2018,MCDONALD'S F18884 NEW YORK NY,1.09
08/08/2018,MCDONALD'S F3345 RIVERSIDE CT,3.82
08/08/2018,Yellowtail Hibachi & Sush STAMFORD CT,25.51
08/10/2018,MCDONALD'S F7552 NEW YORK NY,1.09
08/11/2018,MCDONALD'S F748 GREENWICH CT,3.82
08/12/2018,LA PLACITA SUPERMA PORT CHESTER NY,6.58
08/12/2018,TANDORI TASTE OF INDIA WHITE PLAINS NY,55.41
08/13/2018,CONNECTICUT NATURAL U0A 860-5248361 CT,31.02
08/13/2018,MCDONALD'S F6971 NEW YORK NY,1.09
08/13/2018,MCDONALD'S F6971 NEW YORK NY,1.09
08/14/2018,MCDONALD'S F6971 NEW YORK NY,1.09
08/14/2018,MCDONALD'S F748 GREENWICH CT,1.06
08/14/2018,MCDONALD'S F748 GREENWICH CT,1.06
08/18/2018,TRADER JOE'S #533  QPS HARTSDALE NY,75.69
08/18/2018,H MART HARTSDALE HARTSDALE NY,63.69
08/17/2018,MCDONALD'S F748 GREENWICH CT,1.06
08/17/2018,MCDONALD'S F748 GREENWICH CT,1.06
08/19/2018,SHOPRITE CMMERCE ST S1 STAMFORD CT,47.24
08/19/2018,CVS/PHARMACY #01280 GREENWICH CT,11.99
08/20/2018,GEICO  *AUTO MACON DC,492.50
08/19/2018,MCDONALD'S F3240 PORT CHESTER NY,1.07
05/27/2022,AUTOMATIC PAYMENT - THANK YOU,-233.83
05/04/2022,TST* Dinosaur Bar-B-Que - Troy NY,74.34
05/05/2022,MCDONALD'S F748 GREENWICH CT,1.07
05/05/2022,MCDONALD'S F748 GREENWICH CT,6.86
05/07/2022,HOMEGOODS #0507 PORT CHESTER NY,4.99
05/06/2022,TRADER JOE'S #529 QPS STAMFORD CT,35.34
05/09/2022,CT NATURAL GAS 860-524-8361 CT,170.80
05/15/2022,AMERICAN STEAKHOUSE - NORWALK CT,51.50
05/21/2022,MCDONALD'S F748 GREENWICH CT,1.07
05/23/2022,LOccitane 188-86232880 NY,53.71
05/23/2022,PHR*GandelmanCardiologyAs 203-8695515 CT,333.39
05/26/2022,TMOBILE*AUTO PAY 800-937-8997 WA,163.32
01/13/2023,AUTOMATIC PAYMENT - THANK YOU,-25.00
01/07/2023,SQ *EL PATRON PORT CHESTER NY,35.88
01/14/2023,E-Z*PASSNY REBILL 800-333-8655 NY,25.00
12/21/2022,AMAZON.COM               AMZN.COM/BILLWA,-13.26
04/29/2020,GREENWICH CONTINUING EDUC 203-625-7474 CT,-74.61
04/26/2020,MCDONALD'S F748 GREENWICH CT,3.85
04/26/2020,MCDONALD'S F748 GREENWICH CT,6.65
05/13/2020,CT NATURAL GAS 860-524-8361 CT,67.87
05/23/2020,BURGER KING #911 https://prod. NY,14.08
02/22/2019,AUTOMATIC PAYMENT - THANK YOU,-878.69
01/24/2019,MCDONALD'S F748 GREENWICH CT,2.75
01/26/2019,COSTCO WHSE #0326 PORT CHESTER NY,11.32
01/26/2019,CVS/PHARMACY #01280 GREENWICH CT,3.65
01/26/2019,MCDONALD'S F748 GREENWICH CT,2.75
01/26/2019,MCDONALD'S F748 GREENWICH CT,5.32
01/28/2019,TMOBILE POSTPAID WEB 800-937-8997 WA,195.54
01/27/2019,AMERICAN STEAKHOUSE - NORWALK CT,29.76
01/25/2019,CAFE 1585     18209155 NEW YORK NY,9.13
01/30/2019,PANDA PAVILLION III IN GREENWICH CT,12.80
01/30/2019,GEICO  *AUTO MACON DC,446.70
01/29/2019,CAFE 1585     18209155 NEW YORK NY,8.11
02/01/2019,PANDA PAVILLION III IN GREENWICH CT,14.90
01/30/2019,CAFE 1585     18209155 NEW YORK NY,6.06
02/02/2019,TANDORI TASTE OF INDIA WHITE PLAINS NY,37.11
02/02/2019,MCDONALD'S F748 GREENWICH CT,5.41
01/31/2019,CAFE 1585     18209155 NEW YORK NY,7.09
02/02/2019,MTA*MNR ETIX TICKET 877-690-5116 NY,28.50
02/02/2019,MCDONALD'S F748 GREENWICH CT,2.75
02/03/2019,AMERICAN STEAKHOUSE - NORWALK CT,29.76
02/05/2019,PANDA PAVILLION III IN GREENWICH CT,12.80
02/05/2019,PANDA PAVILLION III IN GREENWICH CT,12.80
02/05/2019,CAFE 1585     18209155 NEW YORK NY,9.22
02/07/2019,Spotify USA 646-8375380 NY,15.14
02/08/2019,PANDA PAVILLION III IN GREENWICH CT,12.80
02/08/2019,H MART HARTSDALE HARTSDALE NY,28.85
02/08/2019,MCDONALD'S F748 203-629-9068 CT,2.75
02/08/2019,MCDONALD'S F748 GREENWICH CT,5.68
02/08/2019,HSD FOOD COURT HARTSDALE NY,11.27
02/08/2019,SHOPRITE CMMERCE ST S1 STAMFORD CT,3.98
02/09/2019,COSTCO WHSE #0326 PORT CHESTER NY,11.32
02/11/2019,MCDONALD'S F748 GREENWICH CT,5.41
02/10/2019,AMERICAN STEAKHOUSE - NORWALK CT,29.76
02/11/2019,MCDONALD'S F748 203-629-9068 CT,2.75
02/13/2019,CT NATURAL GAS 860-524-8361 CT,231.82
02/13/2019,COSTCO WHSE #0326 PORT CHESTER NY,1.07
02/13/2019,COSTCO WHSE #0326 PORT CHESTER NY,11.32
02/15/2019,PANDA PAVILLION III IN GREENWICH CT,12.80
02/15/2019,H MART HARTSDALE HARTSDALE NY,7.94
02/16/2019,TANDORI TASTE OF INDIA WHITE PLAINS NY,37.11
02/16/2019,SHOPRITE CMMERCE ST S1 STAMFORD CT,19.80
02/15/2019,SHAKE SHACK - 1210 HARTSDALE NY,21.41
02/16/2019,MCDONALD'S F748 GREENWICH CT,5.41
02/16/2019,MCDONALD'S F748 GREENWICH CT,2.75
02/17/2019,AMERICAN STEAKHOUSE - NORWALK CT,29.76
02/18/2019,AMZN Mktp US*MI1I05P90 Amzn.com/bill WA,57.88
02/20/2019,PANDA PAVILLION III IN GREENWICH CT,12.80
02/19/2019,CAFE 1585     18209155 NEW YORK NY,8.02
02/22/2019,PANDA PAVILLION III IN GREENWICH CT,12.80
02/21/2019,CAFE 1585     18209155 NEW YORK NY,7.76
02/22/2019,CAFE 1585     18209155 NEW YORK NY,8.62
02/23/2019,MCDONALD'S F748 GREENWICH CT,5.41
02/24/2019,MCDONALD'S F2304 HARTSDALE NY,5.79
02/23/2019,MCDONALD'S F748 203-629-9068 CT,2.75
02/21/2023,E-Z*PASSNY REBILL 800-333-8655 NY,25.00
03/12/2023,E-Z*PASSNY REBILL 800-333-8655 NY,25.00
08/13/2020,AUTOMATIC PAYMENT - THANK YOU,-6.42
07/31/2020,WPY*Robert Taylor Photogr 855-469-3729 CT,25.00